CustomerID,Recency,Frequency,Monetary,Segment
12346,325,1,77183.6,Loyal Regulars
12347,2,7,4310.0,Champions
12348,75,4,1437.24,Loyal Regulars
12349,18,1,1457.55,New & Promising
12350,310,1,294.4,Lost / Hibernating
12352,36,7,1385.74,Loyal Regulars
12353,204,1,89.0,Lost / Hibernating
12354,232,1,1079.4,Lost / Hibernating
12355,214,1,459.4,Lost / Hibernating
12356,22,3,2487.43,Loyal Regulars
12357,33,1,6207.67,Loyal Regulars
12358,1,2,928.0600000000001,New & Promising
12359,57,4,6310.03,Loyal Regulars
12360,52,3,2302.06,Loyal Regulars
12361,287,1,174.9,Lost / Hibernating
12362,3,10,4737.23,Champions
12363,109,2,552.0,Lost / Hibernating
12364,7,4,1208.1,New & Promising
12365,291,1,320.69,Lost / Hibernating
12367,4,1,150.9,New & Promising
12370,51,4,3421.94,Loyal Regulars
12371,59,1,1527.96,Loyal Regulars
12372,71,3,1196.04,Loyal Regulars
12373,311,1,324.6,Lost / Hibernating
12374,25,1,622.93,New & Promising
12375,10,2,377.5,New & Promising
12377,315,2,1548.12,Loyal Regulars
12378,129,1,4008.62,Loyal Regulars
12379,81,2,777.24,Loyal Regulars
12380,21,4,2427.81,Loyal Regulars
12381,4,3,1474.81,New & Promising
12383,184,5,1628.56,Loyal Regulars
12384,28,2,425.27000000000004,New & Promising
12386,337,2,401.9,Lost / Hibernating
12388,15,6,2780.66,Champions
12390,79,1,504.84000000000003,Lost / Hibernating
12391,21,1,439.66,New & Promising
12393,72,4,1582.6000000000001,Loyal Regulars
12394,63,2,1080.48,Loyal Regulars
12395,19,12,2682.63,Champions
12397,35,2,2214.9,Loyal Regulars
12398,45,1,1435.66,Loyal Regulars
12399,119,4,1033.65,Loyal Regulars
12401,303,1,69.3,Lost / Hibernating
12402,323,1,195.6,Lost / Hibernating
12403,49,1,391.7,Lost / Hibernating
12405,148,1,1390.39,Lost / Hibernating
12406,22,2,3415.3,Loyal Regulars
12407,49,5,1507.1200000000001,Loyal Regulars
12408,32,5,2618.55,Loyal Regulars
12409,78,3,11072.67,Loyal Regulars
12410,308,2,533.33,Lost / Hibernating
12412,74,3,1142.88,Loyal Regulars
12413,66,3,686.1,Loyal Regulars
12414,217,3,442.41,Lost / Hibernating
12415,24,20,124564.53,Champions
12417,3,9,3226.1,Champions
12418,112,1,668.58,Lost / Hibernating
12420,63,1,600.39,Lost / Hibernating
12421,15,4,639.04,New & Promising
12422,95,3,683.5600000000001,Loyal Regulars
12423,0,8,1634.31,Champions
12424,162,2,1760.96,Loyal Regulars
12425,78,1,777.2,Lost / Hibernating
12426,194,1,510.73,Lost / Hibernating
12427,21,3,699.8,New & Promising
12428,25,8,6405.26,Champions
12429,9,4,3388.4,Champions
12430,43,1,216.4,Lost / Hibernating
12431,35,15,6314.95,Champions
12432,42,4,4359.32,Loyal Regulars
12433,0,7,13375.87,Champions
12434,84,2,806.14,Loyal Regulars
12435,79,2,7829.89,Loyal Regulars
12436,99,1,429.01000000000005,Lost / Hibernating
12437,1,18,4447.41,Champions
12438,14,2,2466.85,Loyal Regulars
12441,366,1,155.55,Lost / Hibernating
12442,3,1,144.06,New & Promising
12444,21,5,4085.46,Loyal Regulars
12445,22,1,77.4,New & Promising
12446,57,1,1002.3100000000001,Lost / Hibernating
12447,243,1,431.49,Lost / Hibernating
12448,44,1,365.45,Lost / Hibernating
12449,22,4,3596.29,Loyal Regulars
12450,156,2,197.88,Lost / Hibernating
12451,10,5,8995.52,Champions
12452,16,1,348.57,New & Promising
12453,134,1,707.09,Lost / Hibernating
12454,56,1,3528.34,Loyal Regulars
12455,73,5,2339.86,Loyal Regulars
12456,44,3,2581.04,Loyal Regulars
12457,66,6,2043.23,Loyal Regulars
12458,71,2,787.4,Loyal Regulars
12461,154,1,626.88,Lost / Hibernating
12462,18,2,937.59,New & Promising
12463,53,4,1200.78,Loyal Regulars
12464,10,8,957.05,Champions
12465,17,2,682.1899999999999,New & Promising
12468,187,2,657.54,Lost / Hibernating
12471,2,27,17388.649999999998,Champions
12472,32,7,6068.11,Champions
12473,53,3,2585.73,Loyal Regulars
12474,17,18,6694.09,Champions
12475,53,1,669.38,Lost / Hibernating
12476,15,11,5898.42,Champions
12477,22,6,13219.74,Champions
12478,3,1,545.99,New & Promising
12479,11,1,473.2,New & Promising
12480,28,4,2885.63,Loyal Regulars
12481,22,10,5003.82,Champions
12483,17,8,1910.98,Champions
12484,35,4,3939.32,Loyal Regulars
12488,9,3,1244.66,New & Promising
12489,336,1,298.93,Lost / Hibernating
12490,5,10,4859.93,Champions
12491,38,1,424.40000000000003,New & Promising
12492,63,2,227.21,Lost / Hibernating
12493,165,2,379.74,Lost / Hibernating
12494,15,7,1084.1000000000001,Loyal Regulars
12497,81,1,953.1,Lost / Hibernating
12498,21,3,349.70000000000005,New & Promising
12500,23,11,4059.82,Champions
12501,336,1,2025.39,Lost / Hibernating
12502,95,5,2995.87,Loyal Regulars
12504,18,2,428.04999999999995,New & Promising
12506,232,1,73.5,Lost / Hibernating
12507,134,3,1052.81,Loyal Regulars
12508,26,2,397.88,New & Promising
12509,284,1,158.5,Lost / Hibernating
12510,142,2,814.5699999999999,Lost / Hibernating
12512,66,2,132.18,Lost / Hibernating
12513,112,1,558.29,Lost / Hibernating
12514,267,1,1017.68,Lost / Hibernating
12515,353,1,278.7,Lost / Hibernating
12516,77,2,1186.06,Loyal Regulars
12517,28,4,2301.6,Loyal Regulars
12518,0,5,1840.89,Champions
12519,63,1,276.84,Lost / Hibernating
12520,79,5,2346.2599999999998,Loyal Regulars
12521,142,1,545.68,Lost / Hibernating
12522,39,2,156.72,New & Promising
12523,19,11,1699.77,Champions
12524,9,8,3945.72,Champions
12526,0,3,1172.66,New & Promising
12527,81,3,330.71000000000004,Lost / Hibernating
12528,9,6,1645.48,Champions
12530,59,4,1500.28,Loyal Regulars
12531,14,1,125.22,New & Promising
12532,30,1,313.83000000000004,New & Promising
12534,130,1,981.18,Lost / Hibernating
12535,91,2,716.35,Lost / Hibernating
12536,59,1,4279.71,Loyal Regulars
12538,29,1,363.95,New & Promising
12539,22,4,5568.35,Loyal Regulars
12540,19,17,11580.24,Champions
12541,29,3,841.18,Loyal Regulars
12544,36,1,316.7,New & Promising
12545,75,2,832.39,Loyal Regulars
12546,46,2,1021.5,Loyal Regulars
12547,197,2,151.79999999999998,Lost / Hibernating
12548,166,1,67.19999999999999,Lost / Hibernating
12550,79,1,824.83,Lost / Hibernating
12551,357,1,168.0,Lost / Hibernating
12552,39,1,317.82,Lost / Hibernating
12553,8,10,3278.28,Champions
12556,50,2,599.56,New & Promising
12557,16,5,11990.960000000001,Champions
12558,7,1,269.96,New & Promising
12559,310,2,525.71,Lost / Hibernating
12560,5,2,1918.01,New & Promising
12561,302,1,238.85,Lost / Hibernating
12562,8,7,3385.7400000000002,Champions
12564,261,1,402.9,Lost / Hibernating
12565,288,1,145.92,Lost / Hibernating
12566,86,1,297.65,Lost / Hibernating
12567,22,10,8609.28,Champions
12569,2,32,3152.69,Champions
12571,39,2,519.61,New & Promising
12572,8,2,912.42,New & Promising
12573,227,1,160.54000000000002,Lost / Hibernating
12574,315,1,182.45000000000002,Lost / Hibernating
12576,35,5,1315.83,Loyal Regulars
12577,35,3,622.65,Loyal Regulars
12578,21,2,2402.51,Loyal Regulars
12579,78,1,386.42,Lost / Hibernating
12580,246,1,379.7,Lost / Hibernating
12581,39,1,179.71,Lost / Hibernating
12582,238,2,351.36,Lost / Hibernating
12583,2,15,6705.38,Champions
12584,3,9,2254.15,Champions
12585,234,2,1824.1,Loyal Regulars
12586,17,1,196.94000000000003,New & Promising
12587,7,1,104.0,New & Promising
12588,39,1,174.89999999999998,Lost / Hibernating
12589,28,2,574.68,New & Promising
12590,211,1,9341.26,Loyal Regulars
12591,317,1,368.85,Lost / Hibernating
12592,92,2,401.6,Lost / Hibernating
12593,108,3,382.09999999999997,Lost / Hibernating
12594,37,9,3208.2200000000003,Champions
12596,51,2,450.27,New & Promising
12597,19,4,3195.22,Loyal Regulars
12598,9,7,2807.08,Champions
12599,29,7,888.58,Loyal Regulars
12600,28,10,2311.04,Champions
12601,189,5,487.06,Loyal Regulars
12602,58,1,153.12,Lost / Hibernating
12603,21,1,613.1999999999999,New & Promising
12604,79,2,236.18,Lost / Hibernating
12607,60,1,1579.51,Loyal Regulars
12609,78,3,964.85,Loyal Regulars
12610,22,4,1747.54,Loyal Regulars
12611,52,1,1193.32,Loyal Regulars
12612,74,1,668.0400000000001,Lost / Hibernating
12613,57,4,3092.38,Loyal Regulars
12614,277,1,315.6,Lost / Hibernating
12615,2,4,2093.19,Champions
12616,95,2,641.3,Lost / Hibernating
12617,29,1,352.98,New & Promising
12618,21,1,137.31,New & Promising
12619,16,8,2945.56,Champions
12620,14,3,1303.41,Loyal Regulars
12621,1,20,12411.67,Champions
12622,232,1,162.1,Lost / Hibernating
12623,276,1,269.1,Lost / Hibernating
12624,106,2,569.13,Lost / Hibernating
12625,211,2,2413.82,Loyal Regulars
12626,23,9,5954.48,Champions
12627,10,6,4082.53,Champions
12628,4,3,732.46,New & Promising
12630,9,2,1030.88,New & Promising
12631,57,1,480.5,Lost / Hibernating
12633,58,4,1929.98,Loyal Regulars
12635,89,2,1509.18,Loyal Regulars
12637,67,8,5804.9,Loyal Regulars
12638,33,1,511.69,New & Promising
12639,238,1,366.1,Lost / Hibernating
12640,23,3,994.58,Loyal Regulars
12641,115,1,145.9,Lost / Hibernating
12642,25,3,905.26,Loyal Regulars
12643,128,6,3041.64,Loyal Regulars
12644,129,1,477.91,Lost / Hibernating
12645,33,4,1631.18,Loyal Regulars
12646,4,2,1346.97,New & Promising
12647,22,12,3146.82,Champions
12648,154,1,300.05,Lost / Hibernating
12649,107,3,569.51,Loyal Regulars
12650,3,1,242.44000000000003,New & Promising
12651,334,1,114.0,Lost / Hibernating
12652,331,1,793.98,Lost / Hibernating
12653,148,2,2209.85,Loyal Regulars
12654,10,5,529.98,New & Promising
12656,17,5,3619.17,Loyal Regulars
12657,11,4,1427.18,Loyal Regulars
12658,18,1,632.05,New & Promising
12659,29,1,73.68,Lost / Hibernating
12660,11,1,227.1,New & Promising
12662,0,11,3543.78,Champions
12664,8,9,4391.88,Champions
12665,324,1,45.0,Lost / Hibernating
12667,58,1,460.13,Lost / Hibernating
12668,11,4,3177.15,Loyal Regulars
12669,150,2,1427.73,Loyal Regulars
12670,10,5,2744.05,Champions
12672,329,1,225.89999999999998,Lost / Hibernating
12673,5,2,574.52,New & Promising
12674,38,4,1844.6,Loyal Regulars
12676,24,6,1091.39,Loyal Regulars
12678,42,9,16331.46,Champions
12679,58,4,951.02,Loyal Regulars
12680,0,4,790.81,New & Promising
12681,14,22,12365.54,Champions
12682,3,31,11019.82,Champions
12683,4,14,7612.57,Champions
12684,7,6,2073.63,Champions
12685,28,6,2575.08,Loyal Regulars
12686,371,1,71.14,Lost / Hibernating
12688,113,1,4873.8099999999995,Loyal Regulars
12689,25,2,1139.61,New & Promising
12690,205,1,335.01,Lost / Hibernating
12691,28,5,927.8,Loyal Regulars
12693,127,4,711.91,Loyal Regulars
12694,70,2,761.67,Loyal Regulars
12695,7,4,582.1,New & Promising
12697,28,3,757.59,Loyal Regulars
12700,7,4,4525.99,Champions
12701,79,2,725.71,Loyal Regulars
12702,19,1,201.0,New & Promising
12703,71,1,265.55,Lost / Hibernating
12704,7,8,1740.84,Champions
12705,15,8,6382.29,Champions
12707,291,1,603.42,Lost / Hibernating
12708,29,10,2442.91,Champions
12709,15,15,9400.52,Champions
12710,96,3,1023.02,Loyal Regulars
12712,28,13,3928.13,Champions
12713,0,1,794.55,New & Promising
12714,9,5,4294.86,Champions
12715,106,1,263.36,Lost / Hibernating
12716,3,2,963.49,New & Promising
12717,151,2,830.98,Lost / Hibernating
12718,71,1,202.25,Lost / Hibernating
12719,5,2,572.95,New & Promising
12720,2,25,5115.7300000000005,Champions
12721,31,6,2386.13,Loyal Regulars
12722,85,4,979.63,Loyal Regulars
12723,3,5,707.07,New & Promising
12724,5,4,923.41,New & Promising
12725,371,1,371.8,Lost / Hibernating
12726,28,7,2411.1,Loyal Regulars
12727,10,7,3440.7,Champions
12728,71,4,728.33,Loyal Regulars
12729,113,1,417.01,Lost / Hibernating
12731,23,12,18751.91,Champions
12732,179,1,218.26000000000002,Lost / Hibernating
12733,234,1,383.95,Lost / Hibernating
12734,352,1,110.39999999999999,Lost / Hibernating
12735,315,2,689.5699999999999,Lost / Hibernating
12736,332,1,144.0,Lost / Hibernating
12738,372,1,137.35,Lost / Hibernating
12739,99,1,975.54,Lost / Hibernating
12740,63,1,427.6,Lost / Hibernating
12743,134,2,540.13,Lost / Hibernating
12744,56,4,9120.39,Loyal Regulars
12747,2,11,4196.01,Champions
12748,0,206,31650.78,Champions
12749,3,5,4040.88,Champions
12750,128,1,275.88,Lost / Hibernating
12752,81,1,4366.78,Loyal Regulars
12753,22,6,21429.39,Champions
12754,235,3,3010.74,Loyal Regulars
12755,280,2,3811.95,Loyal Regulars
12756,86,1,112.07999999999998,Lost / Hibernating
12757,15,9,4176.75,Champions
12758,116,2,2791.59,Loyal Regulars
12759,52,3,1411.44,Loyal Regulars
12762,7,2,1702.52,New & Promising
12763,138,2,494.08,Lost / Hibernating
12764,316,1,1693.88,Lost / Hibernating
12766,3,7,6457.63,Champions
12769,238,1,1143.6,Lost / Hibernating
12770,210,1,1351.45,Lost / Hibernating
12772,59,1,752.47,Lost / Hibernating
12775,17,5,1281.04,Loyal Regulars
12778,19,6,693.23,Loyal Regulars
12779,37,8,3981.36,Loyal Regulars
12781,63,2,786.74,Loyal Regulars
12782,4,5,1938.92,Champions
12783,2,4,1295.87,New & Promising
12784,15,1,476.82,New & Promising
12785,364,1,255.95,Lost / Hibernating
12787,9,3,418.66,New & Promising
12789,65,1,76.85,Lost / Hibernating
12790,192,1,294.92,Lost / Hibernating
12791,373,1,177.60000000000002,Lost / Hibernating
12792,256,1,344.53999999999996,Lost / Hibernating
12793,334,2,461.48,Lost / Hibernating
12794,53,2,860.41,Loyal Regulars
12795,18,1,318.48,New & Promising
12797,365,1,226.03,Lost / Hibernating
12798,10,3,6977.04,Champions
12802,186,1,397.58,Lost / Hibernating
12808,36,3,455.65000000000003,New & Promising
12809,177,1,405.31,Lost / Hibernating
12811,261,2,458.85,Lost / Hibernating
12812,44,1,229.64000000000001,Lost / Hibernating
12814,101,1,85.92,Lost / Hibernating
12815,147,2,863.46,Lost / Hibernating
12816,95,2,452.20000000000005,Lost / Hibernating
12817,281,1,126.03999999999999,Lost / Hibernating
12818,261,1,1182.0800000000002,Lost / Hibernating
12820,3,4,942.34,New & Promising
12821,214,1,92.72,Lost / Hibernating
12822,70,2,948.88,Loyal Regulars
12823,74,5,1759.5,Loyal Regulars
12824,59,1,397.12,Lost / Hibernating
12826,2,7,1474.72,Champions
12827,5,3,430.15000000000003,New & Promising
12828,2,6,1018.71,Champions
12829,336,2,293.0,Lost / Hibernating
12830,37,6,6814.64,Loyal Regulars
12831,262,1,215.05,Lost / Hibernating
12832,32,2,383.03,New & Promising
12833,145,1,417.38,Lost / Hibernating
12834,282,1,312.38,Lost / Hibernating
12836,59,4,2610.36,Loyal Regulars
12837,173,1,134.1,Lost / Hibernating
12838,33,2,671.95,New & Promising
12839,2,14,5591.42,Champions
12840,143,4,2726.77,Loyal Regulars
12841,4,25,3991.58,Champions
12842,70,2,1118.99,Loyal Regulars
12843,65,8,1702.26,Loyal Regulars
12844,29,2,325.96000000000004,New & Promising
12845,267,4,354.09,Lost / Hibernating
12847,22,1,843.64,New & Promising
12849,31,2,992.65,Loyal Regulars
12851,96,1,131.81,Lost / Hibernating
12852,294,1,311.55,Lost / Hibernating
12853,134,6,1957.1000000000001,Loyal Regulars
12854,78,3,1316.25,Loyal Regulars
12855,372,1,38.1,Lost / Hibernating
12856,7,6,2170.78,Champions
12857,210,2,1106.4,Lost / Hibernating
12863,52,1,521.2,Lost / Hibernating
12864,138,1,147.12,Lost / Hibernating
12865,26,2,1568.23,Loyal Regulars
12866,283,1,499.12,Lost / Hibernating
12867,26,7,4009.34,Champions
12868,185,6,1607.0600000000002,Loyal Regulars
12871,84,2,380.64,Lost / Hibernating
12872,326,2,599.97,Lost / Hibernating
12873,282,1,374.0,Lost / Hibernating
12875,143,2,343.2300000000001,Lost / Hibernating
12876,57,2,2053.02,Loyal Regulars
12877,3,12,1535.77,Champions
12878,236,2,854.99,Lost / Hibernating
12879,44,3,573.22,Loyal Regulars
12881,275,1,298.0,Lost / Hibernating
12882,9,2,1463.04,New & Promising
12883,24,4,703.47,Loyal Regulars
12884,88,1,309.05,Lost / Hibernating
12885,63,3,1175.22,Loyal Regulars
12886,67,2,1378.4,Loyal Regulars
12888,214,2,354.12,Lost / Hibernating
12890,24,1,376.71999999999997,New & Promising
12891,185,3,331.0,Lost / Hibernating
12893,30,1,176.55,New & Promising
12895,42,2,372.8,New & Promising
12897,204,2,216.5,Lost / Hibernating
12901,8,28,17654.54,Champions
12902,264,1,138.68,Lost / Hibernating
12904,18,2,496.06,New & Promising
12906,11,5,2919.81,Champions
12908,176,2,750.0,Lost / Hibernating
12909,39,5,2178.67,Loyal Regulars
12910,23,8,3075.04,Champions
12912,2,5,1662.3,Champions
12913,4,5,2483.63,Champions
12915,148,2,363.65,Lost / Hibernating
12916,138,4,2944.95,Loyal Regulars
12917,128,1,594.0,Lost / Hibernating
12919,8,6,1335.19,Champions
12920,17,1,162.78,New & Promising
12921,9,37,16587.09,Champions
12922,161,1,405.38,Lost / Hibernating
12923,64,1,171.57,Lost / Hibernating
12924,88,4,925.75,Loyal Regulars
12925,4,2,694.05,New & Promising
12928,35,5,2062.7000000000003,Loyal Regulars
12929,311,1,117.85,Lost / Hibernating
12930,78,2,415.8,Lost / Hibernating
12931,21,15,42055.96,Champions
12933,24,3,607.53,New & Promising
12935,2,7,2160.7,Champions
12936,17,4,1063.9,Loyal Regulars
12937,15,4,1504.27,Loyal Regulars
12938,25,1,114.14,New & Promising
12939,64,8,11581.8,Champions
12940,54,2,899.69,Loyal Regulars
12942,131,3,675.6,Loyal Regulars
12944,35,2,604.51,New & Promising
12945,288,1,462.95,Lost / Hibernating
12947,143,6,1603.99,Loyal Regulars
12948,16,7,2064.95,Champions
12949,30,8,4167.22,Champions
12950,2,3,1843.0,New & Promising
12951,8,6,1064.07,Champions
12952,5,4,1387.79,New & Promising
12953,9,1,329.85,New & Promising
12955,1,11,4757.16,Champions
12956,306,1,108.07,Lost / Hibernating
12957,9,8,4017.54,Champions
12962,7,2,266.39,New & Promising
12963,8,8,1856.63,Champions
12965,89,1,769.8100000000001,Lost / Hibernating
12966,9,1,160.18,New & Promising
12967,358,2,1660.9,Loyal Regulars
12968,112,1,135.95,Lost / Hibernating
12970,7,4,405.47,New & Promising
12971,3,86,11189.91,Champions
12974,197,1,144.8,Lost / Hibernating
12976,211,1,738.6,Lost / Hibernating
12977,156,1,39.239999999999995,Lost / Hibernating
12980,157,9,7374.900000000001,Loyal Regulars
12981,29,2,372.21999999999997,New & Promising
12982,242,1,390.54,Lost / Hibernating
12984,18,1,97.5,New & Promising
12985,0,2,1239.38,New & Promising
12987,73,2,558.7,Lost / Hibernating
12988,292,1,505.82,Lost / Hibernating
12989,3,15,6924.110000000001,Champions
12990,31,3,409.5,New & Promising
12991,23,2,503.76,New & Promising
12993,23,4,414.76,New & Promising
12994,4,3,974.4200000000001,New & Promising
12995,85,1,211.32,Lost / Hibernating
12997,22,4,1226.89,Loyal Regulars
12999,196,3,455.88,Lost / Hibernating
13000,106,3,534.85,Loyal Regulars
13001,4,13,9785.970000000001,Champions
13002,318,1,120.94999999999999,Lost / Hibernating
13003,105,3,149.05,Lost / Hibernating
13004,11,18,5655.91,Champions
13005,173,2,513.7,Lost / Hibernating
13006,56,1,81.57,Lost / Hibernating
13008,323,1,229.46999999999997,Lost / Hibernating
13011,372,1,50.550000000000004,Lost / Hibernating
13012,9,8,1646.8400000000001,Champions
13013,1,13,4810.9400000000005,Champions
13014,10,10,3466.2799999999997,Champions
13015,53,5,3339.64,Loyal Regulars
13016,73,3,789.89,Loyal Regulars
13017,7,1,204.0,New & Promising
13018,16,28,7277.7,Champions
13021,4,9,2616.38,Champions
13023,64,2,599.9,Lost / Hibernating
13026,1,5,975.36,Champions
13027,113,6,6912.0,Loyal Regulars
13028,22,2,661.3199999999999,New & Promising
13029,30,3,1247.5,Loyal Regulars
13030,11,2,752.4399999999999,New & Promising
13032,52,2,1010.18,Loyal Regulars
13033,357,1,190.55,Lost / Hibernating
13034,54,2,642.77,Loyal Regulars
13035,73,2,921.88,Loyal Regulars
13037,138,3,881.07,Loyal Regulars
13038,80,3,908.46,Loyal Regulars
13040,8,2,676.99,New & Promising
13043,273,1,516.42,Lost / Hibernating
13044,291,1,560.47,Lost / Hibernating
13045,99,1,305.28000000000003,Lost / Hibernating
13046,30,2,629.31,New & Promising
13047,56,9,3232.59,Loyal Regulars
13048,14,4,1819.41,Loyal Regulars
13049,64,2,656.6800000000001,Loyal Regulars
13050,14,17,5833.11,Champions
13052,212,1,348.15000000000003,Lost / Hibernating
13055,78,3,1214.41,Loyal Regulars
13058,24,3,271.40000000000003,New & Promising
13059,249,1,183.4,Lost / Hibernating
13060,253,1,307.53,Lost / Hibernating
13061,72,1,248.61,Lost / Hibernating
13062,191,1,346.98,Lost / Hibernating
13064,12,4,1105.59,Loyal Regulars
13065,373,1,205.86,Lost / Hibernating
13066,24,2,470.8,New & Promising
13067,82,1,115.46000000000001,Lost / Hibernating
13068,10,2,344.0,New & Promising
13069,0,24,4431.44,Champions
13070,192,1,228.8,Lost / Hibernating
13072,266,1,177.15,Lost / Hibernating
13075,129,1,919.61,Lost / Hibernating
13077,1,4,728.02,New & Promising
13078,3,26,12627.94,Champions
13079,4,5,220.10000000000002,New & Promising
13080,179,1,58.08,Lost / Hibernating
13081,11,11,28337.38,Champions
13082,126,9,3613.63,Loyal Regulars
13083,4,2,303.75,New & Promising
13085,157,2,416.08000000000004,Lost / Hibernating
13089,2,97,58762.08,Champions
13090,8,13,8895.82,Champions
13091,28,1,345.82,New & Promising
13092,70,5,477.83,Loyal Regulars
13093,275,8,7832.47,Loyal Regulars
13094,21,12,1927.3200000000002,Champions
13095,70,1,74.39999999999999,Lost / Hibernating
13097,32,10,6003.22,Champions
13098,1,28,28882.44,Champions
13099,99,1,207.35999999999999,Lost / Hibernating
13101,234,1,101.19,Lost / Hibernating
13102,1,24,6424.09,Champions
13103,39,1,243.94,Lost / Hibernating
13104,3,6,1098.48,Champions
13106,133,1,76.5,Lost / Hibernating
13107,44,4,1531.6200000000001,Loyal Regulars
13108,372,1,350.06,Lost / Hibernating
13109,59,2,786.54,Loyal Regulars
13110,31,7,1488.67,Loyal Regulars
13113,0,24,12245.960000000001,Champions
13115,11,4,2294.78,Loyal Regulars
13116,138,1,501.14,Lost / Hibernating
13117,21,8,984.91,Loyal Regulars
13118,19,5,1197.81,Loyal Regulars
13120,238,1,30.599999999999998,Lost / Hibernating
13121,269,1,283.73,Lost / Hibernating
13122,94,2,922.39,Loyal Regulars
13124,89,3,3756.33,Loyal Regulars
13126,4,8,2099.64,Champions
13127,77,1,259.17,Lost / Hibernating
13130,94,1,64.0,Lost / Hibernating
13131,23,3,1073.3,Loyal Regulars
13132,261,1,77.3,Lost / Hibernating
13133,273,2,109.8,Lost / Hibernating
13134,85,4,1793.58,Loyal Regulars
13135,196,1,3096.0,Loyal Regulars
13136,56,5,2607.61,Loyal Regulars
13137,10,8,3603.29,Champions
13138,22,6,962.39,Loyal Regulars
13139,16,7,5064.94,Champions
13140,108,3,422.47,Lost / Hibernating
13141,84,5,2388.75,Loyal Regulars
13142,19,1,307.09,New & Promising
13144,332,1,110.95,Lost / Hibernating
13145,39,4,618.52,Loyal Regulars
13146,26,1,228.91,New & Promising
13147,10,4,712.8000000000001,New & Promising
13148,29,12,3683.26,Champions
13149,14,4,1676.06,Loyal Regulars
13151,295,1,1257.8700000000001,Lost / Hibernating
13153,5,1,486.22,New & Promising
13155,33,4,971.76,Loyal Regulars
13157,49,4,1741.22,Loyal Regulars
13158,94,4,1201.06,Loyal Regulars
13159,8,4,1429.35,New & Promising
13160,22,1,91.8,New & Promising
13161,313,1,112.75,Lost / Hibernating
13162,122,4,1688.29,Loyal Regulars
13165,46,2,1021.48,Loyal Regulars
13166,283,1,417.2,Lost / Hibernating
13167,18,4,779.33,Loyal Regulars
13168,36,4,1299.59,Loyal Regulars
13169,63,2,712.88,Loyal Regulars
13170,26,1,108.81,New & Promising
13171,21,3,468.41,New & Promising
13173,4,2,353.65,New & Promising
13174,16,3,2738.82,Loyal Regulars
13176,46,1,481.49,Lost / Hibernating
13177,64,1,282.45,Lost / Hibernating
13178,26,11,5725.47,Champions
13182,45,1,121.18,Lost / Hibernating
13183,7,9,3957.78,Champions
13184,14,10,1667.95,Champions
13185,267,1,71.4,Lost / Hibernating
13186,39,3,1575.89,Loyal Regulars
13187,337,1,236.02,Lost / Hibernating
13188,11,1,114.60000000000001,New & Promising
13189,18,2,260.68,New & Promising
13192,95,2,911.94,Loyal Regulars
13193,61,1,112.08,Lost / Hibernating
13194,135,1,60.7,Lost / Hibernating
13196,11,4,1797.78,Loyal Regulars
13198,10,6,3401.2400000000002,Champions
13199,3,37,9802.12,Champions
13200,19,4,870.09,Loyal Regulars
13203,9,4,869.46,New & Promising
13207,15,2,250.26000000000002,New & Promising
13208,59,5,1193.17,Loyal Regulars
13209,30,8,5891.61,Champions
13210,93,1,353.48,Lost / Hibernating
13211,10,3,1095.42,New & Promising
13212,19,3,786.83,New & Promising
13213,56,5,1520.58,Loyal Regulars
13216,267,1,333.74,Lost / Hibernating
13217,122,3,533.98,Lost / Hibernating
13218,127,1,62.63999999999999,Lost / Hibernating
13220,78,4,819.2900000000001,Loyal Regulars
13221,240,2,844.86,Lost / Hibernating
13223,200,2,163.20000000000002,Lost / Hibernating
13224,60,2,2152.95,Loyal Regulars
13225,3,7,6463.84,Champions
13226,273,1,108.21000000000001,Lost / Hibernating
13227,201,1,257.7,Lost / Hibernating
13228,81,1,358.0,Lost / Hibernating
13229,225,1,160.95,Lost / Hibernating
13230,4,14,2755.63,Champions
13232,12,7,1327.75,Champions
13233,74,2,605.12,Lost / Hibernating
13235,212,1,1031.07,Lost / Hibernating
13236,24,2,744.85,New & Promising
13238,17,4,700.73,New & Promising
13239,261,1,329.56,Lost / Hibernating
13240,96,4,648.7,Loyal Regulars
13242,112,3,270.40000000000003,Lost / Hibernating
13243,203,1,585.12,Lost / Hibernating
13244,92,1,121.74000000000001,Lost / Hibernating
13245,50,1,430.5,Lost / Hibernating
13246,18,6,1961.52,Loyal Regulars
13247,17,4,501.12,New & Promising
13248,124,2,465.68,Lost / Hibernating
13249,92,3,711.41,Loyal Regulars
13253,156,2,1030.4,Loyal Regulars
13255,9,2,399.51,New & Promising
13258,11,3,672.83,New & Promising
13259,61,1,283.18,Lost / Hibernating
13260,61,1,557.62,Lost / Hibernating
13261,268,2,944.1,Lost / Hibernating
13262,263,1,200.29,Lost / Hibernating
13263,1,34,7411.71,Champions
13265,53,5,2092.66,Loyal Regulars
13266,11,12,3834.2599999999998,Champions
13267,2,19,4521.49,Champions
13268,17,10,3152.71,Champions
13269,1,15,5343.28,Champions
13270,366,1,590.0,Lost / Hibernating
13271,37,1,211.49,Lost / Hibernating
13272,31,2,276.56,New & Promising
13273,113,1,138.98,Lost / Hibernating
13276,63,2,590.9300000000001,Lost / Hibernating
13277,15,4,258.4,New & Promising
13278,40,1,542.73,New & Promising
13279,78,1,137.75,Lost / Hibernating
13280,122,3,798.46,Loyal Regulars
13282,18,3,1132.14,Loyal Regulars
13283,59,2,93.66,Lost / Hibernating
13284,330,1,201.19,Lost / Hibernating
13285,23,4,2709.12,Loyal Regulars
13291,155,1,361.11,Lost / Hibernating
13292,38,2,578.9399999999999,New & Promising
13294,189,2,873.74,Lost / Hibernating
13295,359,1,201.20000000000002,Lost / Hibernating
13296,137,1,87.4,Lost / Hibernating
13297,7,4,2089.85,Loyal Regulars
13298,1,1,360.0,New & Promising
13299,268,1,142.5,Lost / Hibernating
13300,169,1,371.89,Lost / Hibernating
13301,103,4,600.19,Loyal Regulars
13302,155,1,63.75,Lost / Hibernating
13304,351,1,300.42,Lost / Hibernating
13305,4,10,2000.86,Champions
13307,120,1,15.0,Lost / Hibernating
13308,22,3,1385.51,Loyal Regulars
13309,7,5,1456.79,Champions
13310,28,3,1132.03,Loyal Regulars
13311,4,2,598.57,New & Promising
13313,22,5,1555.32,Loyal Regulars
13314,1,3,775.94,New & Promising
13316,37,4,5732.93,Loyal Regulars
13317,66,6,2273.68,Loyal Regulars
13318,1,3,640.76,New & Promising
13319,5,26,10845.550000000001,Champions
13320,78,4,1532.2,Loyal Regulars
13321,72,2,567.36,Lost / Hibernating
13322,17,1,199.48000000000002,New & Promising
13323,3,5,787.85,New & Promising
13324,36,10,7121.95,Champions
13325,81,1,675.3,Lost / Hibernating
13327,38,8,3627.77,Loyal Regulars
13328,316,1,1308.48,Lost / Hibernating
13329,31,2,789.0,New & Promising
13330,92,3,1140.93,Loyal Regulars
13332,14,1,350.9,New & Promising
13334,82,3,3502.32,Loyal Regulars
13336,77,1,795.12,Lost / Hibernating
13338,157,1,437.02,Lost / Hibernating
13339,200,1,860.12,Lost / Hibernating
13340,45,7,10736.48,Champions
13341,260,1,775.85,Lost / Hibernating
13343,177,1,303.43,Lost / Hibernating
13344,67,3,2511.69,Loyal Regulars
13345,287,1,339.5,Lost / Hibernating
13347,70,1,291.36,Lost / Hibernating
13348,64,1,233.76,Lost / Hibernating
13349,10,1,197.32,New & Promising
13350,16,2,879.12,New & Promising
13351,66,1,323.94,Lost / Hibernating
13352,60,1,347.97999999999996,Lost / Hibernating
13354,71,1,743.53,Lost / Hibernating
13355,122,1,674.7,Lost / Hibernating
13356,80,1,768.24,Lost / Hibernating
13357,257,1,609.4,Lost / Hibernating
13358,268,1,389.03,Lost / Hibernating
13359,63,1,389.56,Lost / Hibernating
13362,9,4,3090.7400000000002,Champions
13363,17,2,892.5,New & Promising
13364,71,1,134.95999999999998,Lost / Hibernating
13365,33,2,2225.37,Loyal Regulars
13366,50,1,56.160000000000004,Lost / Hibernating
13368,256,2,573.4,Lost / Hibernating
13369,365,1,258.28000000000003,Lost / Hibernating
13370,371,1,754.87,Lost / Hibernating
13372,89,1,328.64,Lost / Hibernating
13373,60,3,3312.25,Loyal Regulars
13375,88,1,778.65,Lost / Hibernating
13376,99,3,869.76,Loyal Regulars
13379,26,3,572.56,New & Promising
13381,31,6,3639.31,Loyal Regulars
13382,280,1,222.99,Lost / Hibernating
13384,30,7,4151.93,Loyal Regulars
13385,329,1,534.57,Lost / Hibernating
13388,131,2,677.1,Lost / Hibernating
13389,11,3,797.96,New & Promising
13390,74,1,544.08,Lost / Hibernating
13391,203,1,59.8,Lost / Hibernating
13394,1,8,2520.02,Champions
13395,185,1,307.72,Lost / Hibernating
13396,29,2,1360.99,Loyal Regulars
13397,72,5,1544.13,Loyal Regulars
13398,192,1,457.34,Lost / Hibernating
13402,127,2,621.23,Lost / Hibernating
13403,17,1,75.0,New & Promising
13404,1,2,252.49,New & Promising
13405,204,2,557.45,Lost / Hibernating
13408,1,62,28117.04,Champions
13410,24,5,1003.06,Loyal Regulars
13411,107,1,213.55,Lost / Hibernating
13414,133,3,1390.5,Loyal Regulars
13416,43,2,712.5,Loyal Regulars
13417,4,2,640.83,New & Promising
13418,11,18,6127.43,Champions
13419,63,1,221.06,Lost / Hibernating
13420,149,2,159.85,Lost / Hibernating
13421,40,2,1823.21,Loyal Regulars
13422,64,1,2626.3,Loyal Regulars
13425,108,3,1624.21,Loyal Regulars
13426,0,10,3641.32,Champions
13427,19,3,582.6,New & Promising
13428,10,1,201.78,New & Promising
13429,10,4,1006.8,New & Promising
13430,18,2,679.45,New & Promising
13431,67,2,1269.1,Loyal Regulars
13434,74,2,534.24,Lost / Hibernating
13435,5,7,3809.8900000000003,Champions
13436,1,1,196.89,New & Promising
13437,14,7,3408.06,Champions
13439,255,1,283.71,Lost / Hibernating
13441,91,1,296.64,Lost / Hibernating
13447,23,3,1129.14,Loyal Regulars
13448,16,6,3534.69,Champions
13449,23,1,291.88,New & Promising
13450,26,6,2043.7199999999998,Loyal Regulars
13451,26,5,2898.2599999999998,Loyal Regulars
13452,259,2,590.0,Lost / Hibernating
13453,165,2,356.97999999999996,Lost / Hibernating
13455,24,2,1058.34,New & Promising
13456,17,6,1766.72,Loyal Regulars
13458,7,14,9646.57,Champions
13460,29,2,183.44,New & Promising
13461,38,3,1445.0,Loyal Regulars
13462,252,1,151.5,Lost / Hibernating
13464,58,1,674.68,Lost / Hibernating
13466,184,1,307.9,Lost / Hibernating
13467,10,2,1071.91,New & Promising
13468,1,37,5704.97,Champions
13470,99,2,165.0,Lost / Hibernating
13471,1,4,2501.84,Champions
13473,60,2,422.64,Lost / Hibernating
13474,236,1,226.84,Lost / Hibernating
13475,191,4,1431.78,Loyal Regulars
13476,178,2,1238.47,Loyal Regulars
13477,37,6,1454.58,Loyal Regulars
13479,200,2,300.95,Lost / Hibernating
13481,45,5,1804.56,Loyal Regulars
13482,232,1,184.64,Lost / Hibernating
13483,65,1,140.34,Lost / Hibernating
13484,241,1,313.8,Lost / Hibernating
13485,233,1,454.24,Lost / Hibernating
13486,78,3,1122.41,Loyal Regulars
13487,57,3,575.4,Loyal Regulars
13488,17,13,8968.31,Champions
13489,105,4,449.52,Loyal Regulars
13491,51,10,1215.82,Loyal Regulars
13492,136,3,1269.84,Loyal Regulars
13493,275,2,498.63,Lost / Hibernating
13494,311,1,316.26000000000005,Lost / Hibernating
13495,7,5,2044.8700000000001,Champions
13496,10,2,653.33,New & Promising
13497,282,2,348.05,Lost / Hibernating
13499,17,5,1159.11,Loyal Regulars
13500,23,3,1166.77,Loyal Regulars
13501,288,1,1340.32,Lost / Hibernating
13502,16,3,292.0,New & Promising
13503,71,1,216.85,Lost / Hibernating
13504,64,1,295.93,Lost / Hibernating
13505,72,4,3633.63,Loyal Regulars
13506,316,2,458.52,Lost / Hibernating
13507,3,4,2479.16,Champions
13508,243,1,110.97,Lost / Hibernating
13509,8,6,964.72,Loyal Regulars
13510,1,4,1791.56,Champions
13512,260,1,251.21,Lost / Hibernating
13513,126,1,205.1,Lost / Hibernating
13514,73,1,152.20000000000002,Lost / Hibernating
13515,72,4,891.12,Loyal Regulars
13516,21,3,1389.41,Loyal Regulars
13517,59,3,2128.42,Loyal Regulars
13518,85,1,627.16,Lost / Hibernating
13519,78,1,122.75,Lost / Hibernating
13520,58,6,2984.35,Loyal Regulars
13521,1,3,1070.47,New & Promising
13522,30,1,125.80000000000001,New & Promising
13523,33,5,3964.88,Loyal Regulars
13524,40,5,680.1800000000001,Loyal Regulars
13525,14,2,628.78,New & Promising
13527,33,7,2242.36,Loyal Regulars
13529,78,2,307.76,Lost / Hibernating
13531,205,2,483.8,Lost / Hibernating
13532,33,1,210.31,New & Promising
13533,182,3,269.09,Lost / Hibernating
13534,2,25,5870.08,Champions
13536,1,7,3444.39,Champions
13538,43,7,1280.85,Loyal Regulars
13539,85,3,631.34,Loyal Regulars
13544,39,2,276.06,New & Promising
13546,12,3,621.09,New & Promising
13548,96,2,678.16,Lost / Hibernating
13549,25,7,918.2,Loyal Regulars
13551,319,1,91.80000000000001,Lost / Hibernating
13552,66,12,3740.07,Champions
13555,73,4,4098.88,Loyal Regulars
13557,28,2,584.06,New & Promising
13558,5,4,594.52,New & Promising
13560,7,1,171.42000000000002,New & Promising
13561,215,1,141.85999999999999,Lost / Hibernating
13562,81,3,1799.33,Loyal Regulars
13563,84,2,777.53,Loyal Regulars
13564,354,2,1174.03,Lost / Hibernating
13565,19,2,240.22,New & Promising
13566,40,2,856.84,Loyal Regulars
13568,173,1,187.05,Lost / Hibernating
13569,17,2,337.12,New & Promising
13570,243,1,239.49,Lost / Hibernating
13571,12,12,2088.94,Champions
13572,205,1,1384.25,Lost / Hibernating
13573,50,2,290.25,Lost / Hibernating
13575,23,5,732.0699999999999,Loyal Regulars
13576,10,18,6717.34,Champions
13577,25,4,1687.6000000000001,Loyal Regulars
13579,14,2,467.04,New & Promising
13581,309,1,118.0,Lost / Hibernating
13583,155,1,781.03,Lost / Hibernating
13584,306,1,142.4,Lost / Hibernating
13587,63,1,712.4,Lost / Hibernating
13588,15,9,2478.95,Champions
13589,14,2,379.65,New & Promising
13590,11,6,1981.92,Champions
13591,64,3,1117.13,Loyal Regulars
13592,35,4,247.95999999999998,New & Promising
13593,108,5,2011.88,Loyal Regulars
13594,52,1,396.97,Lost / Hibernating
13596,5,2,664.11,New & Promising
13598,47,1,160.04,Lost / Hibernating
13599,1,21,5149.92,Champions
13600,312,1,219.52,Lost / Hibernating
13601,45,2,693.32,Loyal Regulars
13602,64,1,428.89,Lost / Hibernating
13603,26,1,164.34,New & Promising
13606,29,3,276.75,New & Promising
13607,40,1,675.51,New & Promising
13610,12,7,1082.33,Loyal Regulars
13611,89,3,1154.4,Loyal Regulars
13614,24,4,1585.46,Loyal Regulars
13615,318,1,417.69,Lost / Hibernating
13617,40,3,544.18,Loyal Regulars
13618,173,1,177.34,Lost / Hibernating
13621,116,1,213.85,Lost / Hibernating
13623,30,5,727.74,Loyal Regulars
13626,252,1,257.23,Lost / Hibernating
13627,59,5,1638.47,Loyal Regulars
13629,23,11,7792.36,Champions
13630,5,7,2031.78,Champions
13631,99,11,3070.42,Loyal Regulars
13632,24,5,2118.93,Loyal Regulars
13634,33,5,1547.3600000000001,Loyal Regulars
13635,67,1,1071.03,Lost / Hibernating
13636,36,5,949.12,Loyal Regulars
13637,52,3,803.05,Loyal Regulars
13638,15,1,122.64,New & Promising
13639,74,1,1033.34,Lost / Hibernating
13642,215,1,312.28,Lost / Hibernating
13643,31,3,519.44,New & Promising
13644,16,4,2624.26,Loyal Regulars
13645,120,1,252.1,Lost / Hibernating
13647,9,4,1648.1200000000001,Loyal Regulars
13649,256,2,346.6,Lost / Hibernating
13650,16,6,1836.34,Loyal Regulars
13651,39,1,79.2,Lost / Hibernating
13652,45,3,1095.08,Loyal Regulars
13654,43,6,2707.33,Loyal Regulars
13655,114,2,932.97,Loyal Regulars
13656,164,2,379.65,Lost / Hibernating
13657,10,2,382.14,New & Promising
13658,9,5,2639.17,Champions
13659,205,2,1563.0,Loyal Regulars
13662,85,3,881.26,Loyal Regulars
13663,179,1,189.47,Lost / Hibernating
13666,60,3,84.65,Lost / Hibernating
13667,149,1,299.05,Lost / Hibernating
13668,2,21,6309.83,Champions
13669,50,2,218.55,Lost / Hibernating
13670,75,1,349.7,Lost / Hibernating
13672,301,2,186.39000000000001,Lost / Hibernating
13673,18,2,387.44,New & Promising
13675,151,2,486.82000000000005,Lost / Hibernating
13678,151,1,232.6,Lost / Hibernating
13680,1,4,3719.12,Champions
13681,17,4,827.83,Loyal Regulars
13682,187,1,59.5,Lost / Hibernating
13684,285,1,65.13,Lost / Hibernating
13685,2,7,3119.44,Champions
13686,182,1,72.0,Lost / Hibernating
13689,63,1,910.0,Lost / Hibernating
13690,59,1,172.25,Lost / Hibernating
13692,24,3,1488.32,Loyal Regulars
13694,3,50,65039.62,Champions
13695,31,15,2504.13,Champions
13697,38,1,151.29999999999998,Lost / Hibernating
13699,155,1,308.58000000000004,Lost / Hibernating
13700,26,10,2248.63,Champions
13703,318,1,99.5,Lost / Hibernating
13704,5,9,2308.06,Champions
13705,7,3,711.86,New & Promising
13706,302,1,330.79,Lost / Hibernating
13707,267,2,806.41,Lost / Hibernating
13708,271,1,283.33,Lost / Hibernating
13709,3,13,6307.650000000001,Champions
13710,31,1,180.48,New & Promising
13711,218,2,252.06,Lost / Hibernating
13712,246,1,228.84,Lost / Hibernating
13715,281,5,1077.39,Loyal Regulars
13716,269,1,138.28,Lost / Hibernating
13717,32,6,1445.01,Loyal Regulars
13718,246,2,306.55,Lost / Hibernating
13719,15,5,1041.68,Loyal Regulars
13720,116,4,799.9,Loyal Regulars
13721,36,1,524.14,New & Promising
13722,131,3,2375.41,Loyal Regulars
13723,217,1,199.85000000000002,Lost / Hibernating
13725,49,8,1980.56,Loyal Regulars
13726,38,2,1079.6599999999999,Loyal Regulars
13727,28,2,333.48,New & Promising
13728,36,6,1016.14,Loyal Regulars
13730,135,2,752.6,Lost / Hibernating
13731,219,2,610.59,Lost / Hibernating
13732,28,1,491.86,New & Promising
13735,24,4,2883.54,Loyal Regulars
13736,5,2,729.8,New & Promising
13737,200,1,339.59999999999997,Lost / Hibernating
13739,18,1,216.9,New & Promising
13740,240,1,350.75,Lost / Hibernating
13741,71,3,668.4300000000001,Loyal Regulars
13742,16,12,3107.87,Champions
13743,2,7,1341.6,Champions
13744,95,2,1080.52,Loyal Regulars
13745,162,1,300.04,Lost / Hibernating
13747,373,1,79.6,Lost / Hibernating
13748,95,5,948.25,Loyal Regulars
13750,53,5,1647.26,Loyal Regulars
13751,288,1,296.25,Lost / Hibernating
13752,124,6,1175.38,Loyal Regulars
13753,287,1,741.26,Lost / Hibernating
13754,151,2,282.59999999999997,Lost / Hibernating
13755,3,9,2108.06,Champions
13756,2,14,5189.52,Champions
13758,11,7,3190.55,Champions
13759,33,2,659.4100000000001,New & Promising
13760,54,2,286.79,Lost / Hibernating
13761,50,2,1070.65,Loyal Regulars
13762,218,1,306.72,Lost / Hibernating
13763,63,1,1714.96,Loyal Regulars
13764,70,3,1516.42,Loyal Regulars
13767,2,37,17220.36,Champions
13769,2,10,2796.51,Champions
13771,64,4,2634.45,Loyal Regulars
13772,33,3,1122.63,Loyal Regulars
13774,81,1,345.0,Lost / Hibernating
13777,0,33,25977.16,Champions
13778,103,1,178.7,Lost / Hibernating
13780,7,2,360.01,New & Promising
13781,250,1,127.84,Lost / Hibernating
13782,12,6,908.86,Loyal Regulars
13784,9,11,2462.79,Champions
13786,367,1,230.39999999999998,Lost / Hibernating
13787,75,2,309.04,Lost / Hibernating
13790,4,1,348.8,New & Promising
13791,127,2,1516.0,Loyal Regulars
13792,66,2,195.55,Lost / Hibernating
13798,1,57,37153.85,Champions
13799,116,2,688.86,Lost / Hibernating
13800,309,1,558.32,Lost / Hibernating
13801,66,1,324.8,Lost / Hibernating
13802,138,3,4599.42,Loyal Regulars
13803,255,1,277.07,Lost / Hibernating
13804,30,7,2588.39,Loyal Regulars
13805,52,2,924.6,Loyal Regulars
13806,63,1,256.38,Lost / Hibernating
13807,367,1,112.6,Lost / Hibernating
13808,5,5,1747.66,Champions
13809,305,1,155.05,Lost / Hibernating
13810,28,2,827.51,New & Promising
13811,183,2,519.75,Lost / Hibernating
13812,42,3,485.0,Loyal Regulars
13813,39,4,1168.8600000000001,Loyal Regulars
13814,92,2,1579.12,Loyal Regulars
13815,22,4,3667.36,Loyal Regulars
13816,23,2,499.67,New & Promising
13817,29,2,328.98,New & Promising
13819,301,3,1140.35,Loyal Regulars
13821,144,2,385.64,Lost / Hibernating
13822,5,2,632.0,New & Promising
13823,18,2,957.66,New & Promising
13824,32,5,1698.94,Loyal Regulars
13826,176,1,189.5,Lost / Hibernating
13827,57,3,409.8,Loyal Regulars
13828,22,1,209.49,New & Promising
13831,16,6,2198.45,Loyal Regulars
13832,19,1,52.199999999999996,New & Promising
13833,159,1,383.85,Lost / Hibernating
13835,25,4,834.57,Loyal Regulars
13837,211,2,266.59000000000003,Lost / Hibernating
13838,5,4,674.82,New & Promising
13841,252,1,85.0,Lost / Hibernating
13842,58,9,3385.62,Loyal Regulars
13844,11,1,361.62,New & Promising
13845,64,1,312.98,Lost / Hibernating
13846,24,3,865.0600000000001,Loyal Regulars
13848,92,3,1255.0,Loyal Regulars
13849,51,2,1537.95,Loyal Regulars
13850,129,1,1595.48,Lost / Hibernating
13851,95,3,2651.46,Loyal Regulars
13853,57,1,1090.14,Lost / Hibernating
13854,8,25,8109.5199999999995,Champions
13856,168,3,388.5,Lost / Hibernating
13858,57,1,216.17,Lost / Hibernating
13859,326,1,201.16,Lost / Hibernating
13860,1,5,1245.9,Champions
13862,18,8,2209.36,Champions
13863,247,1,305.78,Lost / Hibernating
13865,58,4,501.56,Loyal Regulars
13866,74,1,145.67000000000002,Lost / Hibernating
13867,31,3,1005.09,Loyal Regulars
13868,7,2,3192.54,New & Promising
13869,123,4,3083.65,Loyal Regulars
13870,2,8,2770.94,Champions
13871,22,13,6403.25,Champions
13873,119,3,389.6,Lost / Hibernating
13874,358,1,540.45,Lost / Hibernating
13875,53,5,1786.79,Loyal Regulars
13876,63,1,122.7,Lost / Hibernating
13877,86,1,117.24,Lost / Hibernating
13878,54,1,1271.57,Loyal Regulars
13880,21,13,3219.77,Champions
13881,3,20,17159.52,Champions
13882,2,5,1191.13,Champions
13883,10,5,2674.48,Champions
13884,7,5,787.6,New & Promising
13885,189,2,506.8,Lost / Hibernating
13886,71,1,243.56,Lost / Hibernating
13887,204,1,349.55,Lost / Hibernating
13888,119,2,595.67,Lost / Hibernating
13889,92,1,416.90000000000003,Lost / Hibernating
13890,1,10,1883.8100000000002,Champions
13892,26,4,632.97,Loyal Regulars
13893,297,1,821.1,Lost / Hibernating
13894,23,3,564.62,New & Promising
13895,28,4,2593.07,Loyal Regulars
13897,50,1,311.16,Lost / Hibernating
13898,325,1,155.93,Lost / Hibernating
13899,16,2,388.52,New & Promising
13900,183,3,740.95,Loyal Regulars
13901,72,5,2867.2,Loyal Regulars
13904,37,2,332.64,New & Promising
13908,79,4,2319.55,Loyal Regulars
13911,57,9,2580.91,Loyal Regulars
13914,11,2,626.45,New & Promising
13917,49,2,272.04,Lost / Hibernating
13918,49,2,1212.8400000000001,Loyal Regulars
13919,59,2,348.81,Lost / Hibernating
13922,351,1,172.25,Lost / Hibernating
13923,53,1,351.13,Lost / Hibernating
13924,1,6,1838.8500000000001,Champions
13925,92,4,678.25,Loyal Regulars
13926,23,1,223.85000000000002,New & Promising
13927,74,1,348.99,Lost / Hibernating
13928,10,4,464.57,New & Promising
13929,169,2,842.65,Lost / Hibernating
13930,57,2,337.34,Lost / Hibernating
13931,95,2,1237.53,Loyal Regulars
13932,294,1,307.4,Lost / Hibernating
13933,109,2,608.7900000000001,Lost / Hibernating
13934,263,1,922.1,Lost / Hibernating
13936,179,1,376.58,Lost / Hibernating
13937,169,1,158.85,Lost / Hibernating
13938,35,1,71.66,Lost / Hibernating
13939,23,3,568.55,New & Promising
13940,17,4,839.14,Loyal Regulars
13941,21,5,5112.96,Loyal Regulars
13946,79,3,561.5699999999999,Loyal Regulars
13947,65,1,90.6,Lost / Hibernating
13948,360,1,102.0,Lost / Hibernating
13949,2,6,2427.32,Champions
13950,11,4,745.06,New & Promising
13951,176,3,674.45,Loyal Regulars
13952,217,2,3251.07,Loyal Regulars
13953,7,7,3515.68,Champions
13954,1,2,439.92,New & Promising
13955,154,2,322.96,Lost / Hibernating
13956,5,5,1019.27,New & Promising
13959,79,3,594.04,Loyal Regulars
13960,21,2,230.22,New & Promising
13962,21,2,169.55,New & Promising
13963,308,4,664.54,Loyal Regulars
13967,145,1,80.7,Lost / Hibernating
13969,7,18,9024.17,Champions
13971,18,8,2758.26,Champions
13972,70,2,190.25,Lost / Hibernating
13973,287,1,264.7,Lost / Hibernating
13974,49,1,413.59000000000003,Lost / Hibernating
13975,31,6,2461.2400000000002,Loyal Regulars
13976,206,1,357.98,Lost / Hibernating
13978,14,2,196.79000000000002,New & Promising
13979,73,1,869.87,Lost / Hibernating
13980,60,1,200.14,Lost / Hibernating
13982,39,4,1871.81,Loyal Regulars
13983,29,12,2603.43,Champions
13984,26,5,920.51,Loyal Regulars
13985,4,15,7060.13,Champions
13986,17,1,320.46,New & Promising
13988,19,6,4147.96,Champions
13989,65,2,1266.08,Loyal Regulars
13990,213,1,311.3,Lost / Hibernating
13991,12,6,851.88,Loyal Regulars
13992,30,1,76.8,Lost / Hibernating
13993,42,9,3466.36,Loyal Regulars
13994,3,6,2274.14,Champions
13995,15,5,1393.69,Loyal Regulars
13999,10,12,3901.81,Champions
14000,211,1,635.66,Lost / Hibernating
14001,45,3,2043.0800000000002,Loyal Regulars
14002,134,2,529.73,Lost / Hibernating
14004,43,7,4582.64,Loyal Regulars
14005,9,5,2874.72,Champions
14006,115,3,962.19,Loyal Regulars
14009,198,2,695.61,Lost / Hibernating
14012,277,1,328.8,Lost / Hibernating
14013,110,3,473.02,Lost / Hibernating
14014,77,1,505.18,Lost / Hibernating
14015,52,1,917.34,Lost / Hibernating
14016,161,4,4291.21,Loyal Regulars
14019,46,3,1421.61,Loyal Regulars
14020,16,2,642.8,New & Promising
14021,155,3,631.9,Loyal Regulars
14022,225,1,440.0,Lost / Hibernating
14023,7,2,584.07,New & Promising
14024,121,2,327.7,Lost / Hibernating
14027,60,1,104.82,Lost / Hibernating
14029,63,2,467.66,Lost / Hibernating
14030,18,8,2358.84,Champions
14031,7,19,17286.86,Champions
14032,2,11,2975.59,Champions
14034,22,3,648.89,New & Promising
14035,28,5,1428.02,Loyal Regulars
14036,284,1,626.65,Lost / Hibernating
14037,176,2,147.20000000000002,Lost / Hibernating
14038,78,3,1560.38,Loyal Regulars
14039,33,1,152.2,Lost / Hibernating
14040,40,12,3560.32,Champions
14041,266,1,141.41,Lost / Hibernating
14044,26,4,646.42,Loyal Regulars
14045,109,4,1659.75,Loyal Regulars
14046,284,1,151.59,Lost / Hibernating
14047,8,5,1308.6100000000001,Loyal Regulars
14048,305,1,409.93,Lost / Hibernating
14049,16,4,5578.72,Loyal Regulars
14050,31,2,746.36,New & Promising
14051,0,23,15610.390000000001,Champions
14052,19,1,225.36,New & Promising
14053,124,2,260.25,Lost / Hibernating
14054,65,1,92.46,Lost / Hibernating
14055,106,1,725.6400000000001,Lost / Hibernating
14056,1,23,8152.71,Champions
14057,23,17,6211.66,Champions
14059,266,1,183.6,Lost / Hibernating
14060,4,19,6140.42,Champions
14062,9,12,10464.85,Champions
14064,29,5,1334.34,Loyal Regulars
14066,266,1,152.55,Lost / Hibernating
14067,63,2,374.7,Lost / Hibernating
14068,320,1,265.85,Lost / Hibernating
14071,3,8,1422.75,Champions
14073,32,1,151.04,New & Promising
14075,4,3,942.26,New & Promising
14076,129,1,118.67,Lost / Hibernating
14077,40,5,499.41999999999996,Loyal Regulars
14078,101,6,1049.37,Loyal Regulars
14079,124,1,375.1,Lost / Hibernating
14080,32,1,45.599999999999994,Lost / Hibernating
14081,302,2,921.62,Lost / Hibernating
14082,364,1,182.25,Lost / Hibernating
14083,4,9,1002.9,Champions
14085,2,18,4421.29,Champions
14087,2,1,191.47,New & Promising
14088,10,13,50491.81,Champions
14089,56,1,158.75,Lost / Hibernating
14090,324,1,76.32000000000001,Lost / Hibernating
14092,7,14,4076.91,Champions
14093,12,1,433.86,New & Promising
14096,4,17,53258.43,Champions
14098,36,1,147.35,Lost / Hibernating
14099,16,11,3104.17,Champions
14100,137,1,191.95000000000002,Lost / Hibernating
14101,73,6,5976.79,Loyal Regulars
14102,5,5,1105.8799999999999,New & Promising
14104,154,2,216.20999999999998,Lost / Hibernating
14105,239,1,1266.23,Lost / Hibernating
14107,51,7,2703.23,Loyal Regulars
14108,30,2,597.91,New & Promising
14109,72,1,144.2,Lost / Hibernating
14110,3,12,5683.15,Champions
14111,14,4,692.85,New & Promising
14112,22,7,2915.15,Champions
14113,3,4,1840.42,Champions
14114,273,2,386.53,Lost / Hibernating
14116,19,5,1382.74,Loyal Regulars
14117,143,1,90.0,Lost / Hibernating
14121,3,4,2780.15,Champions
14124,84,1,419.58000000000004,Lost / Hibernating
14125,10,3,2720.63,Loyal Regulars
14126,7,3,706.1300000000001,New & Promising
14127,122,3,709.71,Loyal Regulars
14128,60,2,637.5,Loyal Regulars
14129,1,5,1123.8600000000001,Champions
14130,319,1,480.91,Lost / Hibernating
14132,2,11,3586.0299999999997,Champions
14133,129,3,605.64,Loyal Regulars
14135,1,15,4690.31,Champions
14138,1,2,965.8800000000001,New & Promising
14139,46,1,415.82,Lost / Hibernating
14140,3,2,935.05,New & Promising
14141,2,4,915.13,New & Promising
14142,373,1,311.81,Lost / Hibernating
14143,133,1,115.8,Lost / Hibernating
14145,46,4,3742.2,Loyal Regulars
14146,8,5,4191.0,Champions
14147,78,2,483.4,Lost / Hibernating
14148,233,1,157.2,Lost / Hibernating
14149,220,1,446.62,Lost / Hibernating
14150,35,2,658.64,New & Promising
14152,75,2,621.29,Lost / Hibernating
14154,239,2,1345.62,Loyal Regulars
14155,266,1,118.75,Lost / Hibernating
14156,9,54,116560.08,Champions
14157,19,2,424.89000000000004,New & Promising
14158,40,1,507.66,New & Promising
14159,19,11,4627.98,Champions
14161,215,3,1097.6200000000001,Loyal Regulars
14162,173,2,289.36,Lost / Hibernating
14163,87,4,2445.91,Loyal Regulars
14164,70,2,1631.77,Loyal Regulars
14165,275,1,120.44,Lost / Hibernating
14167,39,4,562.59,Loyal Regulars
14171,98,1,363.79,Lost / Hibernating
14173,10,4,450.84,New & Promising
14174,33,1,134.46,Lost / Hibernating
14175,59,3,3222.3,Loyal Regulars
14176,297,4,576.9000000000001,Lost / Hibernating
14177,86,4,549.46,Loyal Regulars
14178,8,7,1580.26,Champions
14179,40,2,701.57,New & Promising
14180,10,25,4748.52,Champions
14184,66,1,452.89,Lost / Hibernating
14185,331,1,197.65,Lost / Hibernating
14188,30,6,2054.36,Loyal Regulars
14189,2,15,4654.08,Champions
14191,1,13,4684.76,Champions
14193,67,2,853.39,Loyal Regulars
14194,4,21,11349.52,Champions
14195,201,2,1012.0,Lost / Hibernating
14196,106,1,335.52,Lost / Hibernating
14198,18,4,701.4,New & Promising
14199,218,1,185.39999999999998,Lost / Hibernating
14201,60,7,747.44,Loyal Regulars
14204,2,1,150.61,New & Promising
14205,16,2,466.7,New & Promising
14206,239,1,328.15999999999997,Lost / Hibernating
14208,94,1,151.74,Lost / Hibernating
14209,10,6,2073.43,Champions
14210,105,6,1905.8400000000001,Loyal Regulars
14211,53,9,2241.1,Loyal Regulars
14212,89,1,1070.48,Lost / Hibernating
14214,30,5,1004.38,Loyal Regulars
14215,11,6,1789.72,Champions
14216,3,4,1839.3,Champions
14217,1,17,2004.98,Champions
14218,42,1,169.48000000000002,Lost / Hibernating
14219,4,1,89.94,New & Promising
14220,247,2,632.4,Lost / Hibernating
14221,42,9,3432.8,Loyal Regulars
14222,177,1,683.17,Lost / Hibernating
14223,92,3,991.13,Loyal Regulars
14224,110,4,1009.73,Loyal Regulars
14226,28,5,2214.79,Loyal Regulars
14227,26,10,3350.96,Champions
14229,51,3,1547.2,Loyal Regulars
14231,183,3,925.71,Loyal Regulars
14232,42,5,2048.07,Loyal Regulars
14233,49,4,1462.72,Loyal Regulars
14234,22,4,754.12,Loyal Regulars
14235,75,5,3144.86,Loyal Regulars
14236,80,2,490.86,Lost / Hibernating
14237,373,1,161.0,Lost / Hibernating
14238,326,1,146.85,Lost / Hibernating
14239,43,11,2380.85,Champions
14240,30,2,890.34,New & Promising
14241,183,1,213.70000000000002,Lost / Hibernating
14242,234,2,280.55,Lost / Hibernating
14243,8,10,2588.77,Champions
14245,219,2,1693.45,Loyal Regulars
14246,110,3,1474.06,Loyal Regulars
14247,278,1,136.76999999999998,Lost / Hibernating
14248,318,1,302.58,Lost / Hibernating
14250,7,3,1904.05,New & Promising
14251,1,5,2879.7000000000003,Champions
14256,260,2,969.0600000000001,Lost / Hibernating
14257,64,5,3099.7200000000003,Loyal Regulars
14258,9,9,12669.98,Champions
14259,141,1,120.0,Lost / Hibernating
14261,50,2,1163.45,Loyal Regulars
14262,8,8,2618.23,Champions
14264,154,2,333.97,Lost / Hibernating
14265,109,2,530.18,Lost / Hibernating
14267,162,3,1516.24,Loyal Regulars
14270,331,1,492.65000000000003,Lost / Hibernating
14271,225,1,112.32,Lost / Hibernating
14272,73,2,437.96,Lost / Hibernating
14273,51,4,559.97,Loyal Regulars
14276,98,3,1119.74,Loyal Regulars
14277,15,3,4152.0,Loyal Regulars
14280,196,1,134.04,Lost / Hibernating
14282,3,15,3701.44,Champions
14284,30,2,595.25,New & Promising
14285,21,4,1910.01,Loyal Regulars
14286,23,3,4628.75,Loyal Regulars
14287,8,3,176.63,New & Promising
14288,213,1,426.6,Lost / Hibernating
14289,8,6,911.26,Loyal Regulars
14290,11,5,2314.65,Loyal Regulars
14291,1,11,3883.25,Champions
14292,7,9,4871.93,Champions
14293,3,4,1046.56,New & Promising
14295,40,1,166.20000000000002,Lost / Hibernating
14297,17,4,1305.33,Loyal Regulars
14298,8,44,51527.3,Champions
14299,8,9,3965.62,Champions
14300,18,1,43.2,New & Promising
14301,117,1,640.14,Lost / Hibernating
14304,222,1,383.45,Lost / Hibernating
14305,71,3,1858.96,Loyal Regulars
14306,51,2,2093.32,Loyal Regulars
14307,88,6,2995.72,Loyal Regulars
14309,8,9,2352.53,Champions
14311,242,1,310.26,Lost / Hibernating
14312,46,6,1611.59,Loyal Regulars
14314,106,1,120.0,Lost / Hibernating
14315,44,6,2481.13,Loyal Regulars
14317,64,1,508.58000000000004,Lost / Hibernating
14320,206,2,477.79,Lost / Hibernating
14321,10,5,1530.75,Loyal Regulars
14323,114,2,605.0600000000001,Lost / Hibernating
14326,242,1,183.85,Lost / Hibernating
14327,163,1,311.65,Lost / Hibernating
14329,17,7,4975.24,Champions
14331,124,2,462.65999999999997,Lost / Hibernating
14332,22,3,840.21,New & Promising
14333,67,1,415.2,Lost / Hibernating
14334,16,8,2552.21,Champions
14335,16,2,454.86,New & Promising
14336,16,4,1614.91,Loyal Regulars
14338,161,2,588.22,Lost / Hibernating
14339,242,1,309.52,Lost / Hibernating
14340,218,1,134.7,Lost / Hibernating
14341,45,8,2166.98,Loyal Regulars
14342,21,4,668.5600000000001,Loyal Regulars
14344,127,8,889.9300000000001,Loyal Regulars
14345,38,1,108.97999999999999,Lost / Hibernating
14346,120,2,1021.58,Loyal Regulars
14348,260,1,409.57,Lost / Hibernating
14349,10,1,133.5,New & Promising
14350,274,1,282.93,Lost / Hibernating
14351,164,1,51.0,Lost / Hibernating
14352,157,4,1078.96,Loyal Regulars
14353,215,1,90.6,Lost / Hibernating
14354,5,2,163.62,New & Promising
14355,365,1,174.4,Lost / Hibernating
14356,79,2,701.23,Loyal Regulars
14357,43,1,225.12,Lost / Hibernating
14359,19,3,912.18,New & Promising
14360,31,4,2118.03,Loyal Regulars
14362,22,1,151.5,New & Promising
14364,108,8,3717.35,Loyal Regulars
14367,8,16,9227.82,Champions
14368,319,1,155.0,Lost / Hibernating
14371,295,1,100.5,Lost / Hibernating
14373,358,1,76.55,Lost / Hibernating
14375,185,1,235.56,Lost / Hibernating
14377,191,2,617.05,Lost / Hibernating
14379,44,2,348.1,New & Promising
14381,52,1,202.68,Lost / Hibernating
14382,26,1,615.49,New & Promising
14383,38,3,1247.69,Loyal Regulars
14385,9,3,202.11,New & Promising
14386,296,1,142.4,Lost / Hibernating
14387,32,3,1727.6,Loyal Regulars
14388,10,8,3212.84,Champions
14389,65,2,1043.46,Loyal Regulars
14390,10,9,4642.57,Champions
14393,218,1,67.95,Lost / Hibernating
14395,2,9,3479.91,Champions
14396,65,2,487.99,Lost / Hibernating
14397,2,19,2612.96,Champions
14400,149,1,574.7,Lost / Hibernating
14401,4,13,4051.48,Champions
14403,130,4,1475.81,Loyal Regulars
14404,33,6,1449.32,Loyal Regulars
14406,119,1,156.75,Lost / Hibernating
14407,107,5,2142.73,Loyal Regulars
14408,10,7,2599.03,Champions
14409,71,6,2059.4500000000003,Loyal Regulars
14410,92,9,1099.27,Loyal Regulars
14411,310,1,1063.0,Lost / Hibernating
14412,42,2,770.03,Loyal Regulars
14413,362,1,121.05,Lost / Hibernating
14414,91,7,1496.98,Loyal Regulars
14415,1,13,5855.57,Champions
14416,22,2,490.22,New & Promising
14418,3,3,1937.25,New & Promising
14419,10,6,1051.79,Loyal Regulars
14420,99,1,387.52,Lost / Hibernating
14421,57,2,813.11,Loyal Regulars
14422,0,6,4263.64,Champions
14423,218,1,265.2,Lost / Hibernating
14424,17,1,322.08,New & Promising
14426,23,10,4481.67,Champions
14427,50,2,363.34000000000003,Lost / Hibernating
14428,7,5,1224.06,New & Promising
14431,302,1,470.36,Lost / Hibernating
14432,9,6,2248.5,Champions
14434,21,6,1372.8,Loyal Regulars
14436,98,1,89.06,Lost / Hibernating
14437,365,1,63.0,Lost / Hibernating
14438,306,1,131.9,Lost / Hibernating
14439,319,1,2661.24,Lost / Hibernating
14440,8,5,2357.6800000000003,Champions
14441,0,4,1712.89,Champions
14442,204,2,1589.82,Loyal Regulars
14443,53,4,1420.2,Loyal Regulars
14446,0,4,1005.55,New & Promising
14447,18,5,1163.23,Loyal Regulars
14448,9,2,375.35,New & Promising
14449,18,4,885.8,Loyal Regulars
14450,180,3,483.25,Lost / Hibernating
14451,60,2,643.9,Loyal Regulars
14452,10,2,259.05,New & Promising
14453,190,1,119.93,Lost / Hibernating
14456,5,9,3014.32,Champions
14457,310,1,113.64,Lost / Hibernating
14459,155,1,1837.92,Loyal Regulars
14460,110,3,434.34,Lost / Hibernating
14461,148,3,2102.67,Loyal Regulars
14462,66,11,1975.57,Loyal Regulars
14463,98,3,529.62,Loyal Regulars
14465,246,3,1038.44,Loyal Regulars
14466,29,7,2272.4,Loyal Regulars
14467,17,4,596.26,New & Promising
14470,11,2,461.19,New & Promising
14472,103,8,1852.67,Loyal Regulars
14473,74,2,234.34000000000003,Lost / Hibernating
14474,46,1,547.66,Lost / Hibernating
14475,71,3,925.85,Loyal Regulars
14476,257,1,193.0,Lost / Hibernating
14477,19,4,1309.6,Loyal Regulars
14479,253,2,316.25,Lost / Hibernating
14480,11,1,279.05,New & Promising
14481,164,2,636.51,Lost / Hibernating
14482,18,6,2022.81,Loyal Regulars
14483,281,1,137.1,Lost / Hibernating
14484,50,1,321.92,Lost / Hibernating
14485,38,1,162.8,Lost / Hibernating
14487,26,6,1165.48,Loyal Regulars
14488,67,1,1064.28,Lost / Hibernating
14489,207,1,463.38,Lost / Hibernating
14491,175,2,340.93,Lost / Hibernating
14493,7,5,2383.2400000000002,Champions
14494,25,1,139.56,New & Promising
14495,50,2,123.8,Lost / Hibernating
14496,311,2,538.8100000000001,Lost / Hibernating
14497,309,1,475.37,Lost / Hibernating
14498,42,5,1957.32,Loyal Regulars
14499,26,3,808.44,Loyal Regulars
14500,88,3,356.85,Lost / Hibernating
14501,183,2,251.21,Lost / Hibernating
14502,19,11,2426.79,Champions
14503,3,6,3543.26,Champions
14504,47,4,673.26,Loyal Regulars
14505,17,8,5859.43,Champions
14506,17,5,1960.65,Loyal Regulars
14507,23,6,1367.88,Loyal Regulars
14508,22,2,268.05,New & Promising
14511,11,5,1314.81,Loyal Regulars
14512,187,2,275.28,Lost / Hibernating
14513,100,3,455.59000000000003,Lost / Hibernating
14514,61,3,990.2,Loyal Regulars
14515,17,6,2076.89,Loyal Regulars
14517,33,2,330.45,New & Promising
14518,64,1,174.37,Lost / Hibernating
14520,1,2,270.6,New & Promising
14522,24,4,974.54,Loyal Regulars
14523,108,1,241.09,Lost / Hibernating
14524,31,9,1843.83,Loyal Regulars
14525,19,9,4215.9,Champions
14527,2,55,8506.13,Champions
14528,37,1,364.21999999999997,New & Promising
14529,60,3,578.61,Loyal Regulars
14530,25,6,2862.11,Loyal Regulars
14532,236,4,932.85,Loyal Regulars
14533,24,7,1949.72,Loyal Regulars
14534,2,18,4395.65,Champions
14535,60,3,2854.84,Loyal Regulars
14536,259,1,170.95,Lost / Hibernating
14537,57,1,355.56,Lost / Hibernating
14538,64,2,388.25,Lost / Hibernating
14539,15,2,537.48,New & Promising
14540,9,3,952.66,New & Promising
14541,58,8,1453.35,Loyal Regulars
14542,185,1,103.25,Lost / Hibernating
14543,28,16,3560.08,Champions
14544,24,2,2004.3,Loyal Regulars
14546,5,5,2573.93,Champions
14547,3,8,3974.75,Champions
14548,150,2,652.8,Lost / Hibernating
14549,311,1,289.24,Lost / Hibernating
14550,10,2,757.37,New & Promising
14551,18,2,186.23,New & Promising
14552,151,1,164.22,Lost / Hibernating
14553,19,5,859.27,Loyal Regulars
14554,10,4,2279.4900000000002,Loyal Regulars
14555,57,2,312.54,Lost / Hibernating
14557,85,1,788.38,Lost / Hibernating
14560,7,22,2237.77,Champions
14561,75,3,1080.76,Loyal Regulars
14562,3,18,5006.77,Champions
14565,95,4,2949.12,Loyal Regulars
14566,110,1,1432.0,Lost / Hibernating
14567,56,2,1530.3600000000001,Loyal Regulars
14569,1,1,227.39,New & Promising
14570,280,2,217.21,Lost / Hibernating
14572,3,7,2804.54,Champions
14573,179,9,1639.82,Loyal Regulars
14576,372,1,35.400000000000006,Lost / Hibernating
14577,12,4,859.71,New & Promising
14578,3,1,168.63,New & Promising
14581,16,1,138.6,New & Promising
14582,40,1,114.11,Lost / Hibernating
14583,5,5,986.96,New & Promising
14584,169,4,1033.06,Loyal Regulars
14585,50,1,157.05,Lost / Hibernating
14586,276,1,237.36,Lost / Hibernating
14587,18,9,1580.29,Champions
14589,371,1,39.75,Lost / Hibernating
14591,15,4,1320.21,Loyal Regulars
14592,35,3,557.94,New & Promising
14593,21,3,617.15,New & Promising
14594,7,2,363.33,New & Promising
14595,19,6,1740.6,Loyal Regulars
14597,11,2,866.24,New & Promising
14598,44,1,221.97,Lost / Hibernating
14600,305,1,393.33000000000004,Lost / Hibernating
14601,10,1,213.96,New & Promising
14603,274,1,660.0,Lost / Hibernating
14606,1,90,11926.15,Champions
14607,15,12,15021.5,Champions
14608,4,4,1785.15,Champions
14609,72,4,601.56,Loyal Regulars
14616,242,3,406.08000000000004,Lost / Hibernating
14618,9,3,553.44,New & Promising
14619,245,1,394.44,Lost / Hibernating
14620,205,2,412.78000000000003,Lost / Hibernating
14621,1,5,1788.3600000000001,Champions
14622,184,1,320.58000000000004,Lost / Hibernating
14623,32,5,882.02,Loyal Regulars
14624,57,2,225.85,Lost / Hibernating
14625,196,2,899.63,Lost / Hibernating
14626,23,4,2791.27,Loyal Regulars
14628,91,2,671.96,Lost / Hibernating
14629,4,2,955.26,New & Promising
14631,50,3,1006.98,Loyal Regulars
14632,262,1,114.56,Lost / Hibernating
14633,266,1,344.90000000000003,Lost / Hibernating
14636,36,2,609.85,New & Promising
14638,50,1,443.6,Lost / Hibernating
14639,52,6,2984.49,Loyal Regulars
14640,24,6,2107.38,Loyal Regulars
14641,21,1,110.46,New & Promising
14642,58,1,96.12,Lost / Hibernating
14643,170,2,693.8100000000001,Lost / Hibernating
14644,67,2,830.76,Loyal Regulars
14645,156,2,597.09,Lost / Hibernating
14646,1,72,279138.02,Champions
14647,201,1,236.04000000000002,Lost / Hibernating
14649,4,4,1402.59,New & Promising
14651,67,2,653.75,Loyal Regulars
14652,77,1,114.18,Lost / Hibernating
14653,1,7,1916.7,Champions
14655,8,4,1932.23,Loyal Regulars
14656,169,2,291.05,Lost / Hibernating
14657,17,4,848.22,Loyal Regulars
14658,5,2,247.15,New & Promising
14659,8,9,2529.93,Champions
14660,86,2,285.74,Lost / Hibernating
14661,26,1,107.95,New & Promising
14662,28,4,741.37,Loyal Regulars
14664,19,2,636.24,New & Promising
14665,60,5,1835.7,Loyal Regulars
14666,24,1,179.95,New & Promising
14667,10,25,9170.79,Champions
14669,241,3,1259.24,Loyal Regulars
14670,280,2,392.86,Lost / Hibernating
14672,234,2,765.55,Lost / Hibernating
14673,3,5,1736.4,Champions
14675,16,1,596.36,New & Promising
14676,31,6,2548.2400000000002,Loyal Regulars
14680,25,16,28754.11,Champions
14681,71,3,498.95,Loyal Regulars
14682,187,2,52.0,Lost / Hibernating
14684,25,5,1201.51,Loyal Regulars
14687,106,1,628.38,Lost / Hibernating
14688,7,21,5579.1,Champions
14689,208,1,112.8,Lost / Hibernating
14690,44,2,355.05,New & Promising
14691,30,5,2114.33,Loyal Regulars
14692,137,4,591.55,Loyal Regulars
14693,264,1,172.9,Lost / Hibernating
14696,4,7,2078.95,Champions
14697,218,2,188.60999999999999,Lost / Hibernating
14698,1,5,1217.27,Champions
14699,214,1,109.13000000000001,Lost / Hibernating
14700,32,3,2195.1,Loyal Regulars
14701,10,9,2526.09,Champions
14702,1,17,3251.79,Champions
14703,14,1,318.17,New & Promising
14704,19,7,1461.6200000000001,Loyal Regulars
14705,198,1,179.0,Lost / Hibernating
14708,2,3,1126.37,New & Promising
14709,15,13,4921.04,Champions
14710,14,4,599.48,New & Promising
14711,10,11,2839.62,Champions
14712,29,3,917.07,Loyal Regulars
14713,9,11,2662.2,Champions
14714,24,1,160.19,New & Promising
14715,24,4,867.38,Loyal Regulars
14716,43,2,307.51,New & Promising
14719,1,5,1581.84,Champions
14720,5,3,663.81,New & Promising
14722,147,1,180.42000000000002,Lost / Hibernating
14723,10,6,1120.66,Loyal Regulars
14725,24,1,655.58,New & Promising
14727,274,1,268.58,Lost / Hibernating
14729,373,1,313.49,Lost / Hibernating
14730,1,8,1897.57,Champions
14731,47,3,380.02,New & Promising
14732,8,8,2702.4900000000002,Champions
14733,16,12,9585.91,Champions
14735,3,31,6050.69,Champions
14737,3,3,1164.55,New & Promising
14738,42,7,1314.45,Loyal Regulars
14739,4,7,3902.28,Champions
14740,197,3,1448.21,Loyal Regulars
14741,11,6,1400.34,Loyal Regulars
14744,16,7,1099.98,Loyal Regulars
14745,112,5,1220.26,Loyal Regulars
14747,249,1,328.2,Lost / Hibernating
14748,29,5,1415.75,Loyal Regulars
14752,43,1,389.64,Lost / Hibernating
14753,87,1,563.15,Lost / Hibernating
14754,44,2,638.05,New & Promising
14755,9,11,5010.28,Champions
14756,15,1,738.96,New & Promising
14757,75,1,420.5,Lost / Hibernating
14758,144,4,1484.06,Loyal Regulars
14759,4,3,1625.97,New & Promising
14760,297,1,89.2,Lost / Hibernating
14761,58,2,255.9,Lost / Hibernating
14762,263,1,300.52,Lost / Hibernating
14764,46,1,278.3,Lost / Hibernating
14765,29,3,254.11,New & Promising
14766,8,6,2473.37,Champions
14768,17,2,192.60000000000002,New & Promising
14769,2,8,10415.33,Champions
14770,232,2,876.42,Lost / Hibernating
14772,112,1,139.26,Lost / Hibernating
14775,58,3,1011.9,Loyal Regulars
14776,51,11,2538.3,Loyal Regulars
14778,127,2,730.86,Lost / Hibernating
14779,280,3,386.15,Lost / Hibernating
14780,54,2,447.68,Lost / Hibernating
14782,319,1,200.10000000000002,Lost / Hibernating
14784,26,2,289.99,New & Promising
14785,10,2,77.4,New & Promising
14788,7,2,679.4399999999999,New & Promising
14789,28,1,197.64,New & Promising
14790,16,4,745.06,New & Promising
14792,63,1,6.2,Lost / Hibernating
14793,21,1,228.99,New & Promising
14794,2,7,1319.91,Champions
14795,166,1,131.45000000000002,Lost / Hibernating
14796,1,17,7973.93,Champions
14798,52,3,173.74,Lost / Hibernating
14799,51,1,157.7,Lost / Hibernating
14800,47,12,4331.79,Champions
14801,61,1,189.34,Lost / Hibernating
14803,162,3,845.55,Loyal Regulars
14804,8,1,353.27,New & Promising
14805,15,4,546.4,New & Promising
14806,75,1,193.39000000000001,Lost / Hibernating
14808,39,8,2718.6,Loyal Regulars
14810,40,11,2085.33,Champions
14813,369,2,152.88,Lost / Hibernating
14815,36,2,778.5,New & Promising
14816,197,1,271.85,Lost / Hibernating
14817,200,2,1010.34,Lost / Hibernating
14818,73,3,657.8,Loyal Regulars
14819,64,2,272.07,Lost / Hibernating
14820,21,4,507.29,New & Promising
14821,366,1,48.800000000000004,Lost / Hibernating
14823,180,3,321.43,Lost / Hibernating
14824,10,4,1127.71,New & Promising
14825,3,12,2221.01,Champions
14828,196,3,2139.76,Loyal Regulars
14829,29,4,697.55,Loyal Regulars
14830,53,1,188.03,Lost / Hibernating
14834,17,6,1720.3,Loyal Regulars
14836,10,3,102.44999999999999,New & Promising
14837,89,4,1649.5,Loyal Regulars
14840,267,1,62.85,Lost / Hibernating
14841,53,6,3295.76,Loyal Regulars
14842,43,4,2824.69,Loyal Regulars
14844,63,4,3189.81,Loyal Regulars
14847,148,1,309.4,Lost / Hibernating
14849,21,25,7930.54,Champions
14850,311,1,325.75,Lost / Hibernating
14851,23,2,511.35,New & Promising
14852,58,6,2836.69,Loyal Regulars
14853,24,2,475.8,New & Promising
14854,78,7,2740.03,Loyal Regulars
14855,119,2,645.65,Lost / Hibernating
14856,36,3,1290.53,Loyal Regulars
14857,59,2,1173.12,Loyal Regulars
14859,12,4,1353.74,Loyal Regulars
14860,19,1,170.32,New & Promising
14861,52,1,125.79,Lost / Hibernating
14862,25,2,841.1999999999999,New & Promising
14863,29,1,266.76,New & Promising
14865,7,2,52.2,New & Promising
14866,10,11,14353.4,Champions
14867,185,3,710.28,Loyal Regulars
14868,3,8,2953.59,Champions
14869,8,2,721.45,New & Promising
14870,261,1,327.25,Lost / Hibernating
14871,3,4,501.28000000000003,New & Promising
14873,210,1,519.68,Lost / Hibernating
14875,107,2,1465.3200000000002,Loyal Regulars
14878,12,9,1476.09,Champions
14880,77,3,690.59,Loyal Regulars
14881,19,1,255.4,New & Promising
14882,26,2,589.7,New & Promising
14883,18,6,761.59,Loyal Regulars
14885,131,1,765.3199999999999,Lost / Hibernating
14886,252,1,364.8,Lost / Hibernating
14887,79,1,1862.0,Loyal Regulars
14888,207,1,369.2,Lost / Hibernating
14889,336,1,135.9,Lost / Hibernating
14890,253,1,125.65,Lost / Hibernating
14891,148,2,554.38,Lost / Hibernating
14893,9,2,1237.8500000000001,New & Promising
14894,85,1,655.75,Lost / Hibernating
14895,7,20,11138.710000000001,Champions
14896,204,2,468.77000000000004,Lost / Hibernating
14897,7,4,1366.38,New & Promising
14898,23,6,1269.31,Loyal Regulars
14901,11,9,1421.29,Champions
14902,25,1,332.66,New & Promising
14903,21,5,2795.33,Loyal Regulars
14904,2,2,1025.44,New & Promising
14905,157,2,616.15,Lost / Hibernating
14907,3,7,3501.1,Champions
14908,74,1,277.8,Lost / Hibernating
14910,2,4,434.35,New & Promising
14911,1,198,136161.83,Champions
14912,16,2,867.85,New & Promising
14913,35,4,1227.43,Loyal Regulars
14915,91,2,307.48,Lost / Hibernating
14916,70,4,1268.98,Loyal Regulars
14918,115,2,1610.15,Loyal Regulars
14920,212,2,977.77,Lost / Hibernating
14921,30,2,1316.07,Loyal Regulars
14923,50,1,749.1,Lost / Hibernating
14924,245,1,310.05,Lost / Hibernating
14929,32,1,223.88,New & Promising
14930,108,3,2362.96,Loyal Regulars
14931,4,4,864.6800000000001,New & Promising
14932,365,1,313.53,Lost / Hibernating
14934,81,2,1890.94,Loyal Regulars
14935,297,1,1784.71,Lost / Hibernating
14936,33,8,8137.02,Champions
14937,56,3,1621.88,Loyal Regulars
14944,29,12,5900.25,Champions
14946,14,1,100.9,New & Promising
14947,72,2,290.82,Lost / Hibernating
14948,23,6,1101.97,Loyal Regulars
14950,19,1,371.2,New & Promising
14951,79,1,311.69,Lost / Hibernating
14952,59,11,8099.49,Champions
14953,25,1,285.67,New & Promising
14954,12,1,294.85,New & Promising
14957,253,1,58.49,Lost / Hibernating
14958,147,3,483.72999999999996,Lost / Hibernating
14959,64,4,695.42,Loyal Regulars
14960,8,2,221.27,New & Promising
14961,10,9,7044.68,Champions
14962,270,1,126.7,Lost / Hibernating
14963,9,5,1472.34,Loyal Regulars
14964,247,1,206.21,Lost / Hibernating
14965,96,2,596.09,Lost / Hibernating
14966,14,1,183.02,New & Promising
14967,49,1,463.8,Lost / Hibernating
14968,30,1,147.59,New & Promising
14970,68,4,1592.06,Loyal Regulars
14971,35,3,1097.98,Loyal Regulars
14972,128,1,114.77,Lost / Hibernating
14973,107,3,1314.45,Loyal Regulars
14974,37,1,89.94,Lost / Hibernating
14975,57,1,279.94,Lost / Hibernating
14976,57,6,774.86,Loyal Regulars
14978,72,5,1921.3700000000001,Loyal Regulars
14981,246,1,102.12,Lost / Hibernating
14984,19,2,202.37,New & Promising
14985,198,2,292.01,Lost / Hibernating
14987,15,2,326.4,New & Promising
14988,211,1,334.54,Lost / Hibernating
14995,38,2,231.98000000000002,New & Promising
14997,46,3,546.1999999999999,Loyal Regulars
14998,170,2,414.87,Lost / Hibernating
15000,47,1,490.52,Lost / Hibernating
15002,115,4,1641.76,Loyal Regulars
15004,147,1,1220.38,Lost / Hibernating
15005,15,28,6293.67,Champions
15006,51,1,475.43,Lost / Hibernating
15007,159,1,156.91,Lost / Hibernating
15009,12,3,1259.43,New & Promising
15010,35,1,308.94,New & Promising
15012,53,2,405.04,Lost / Hibernating
15014,43,2,257.67,New & Promising
15016,172,1,170.04,Lost / Hibernating
15017,33,1,125.58,Lost / Hibernating
15018,38,3,496.21000000000004,New & Promising
15019,266,1,252.81,Lost / Hibernating
15021,8,9,1871.77,Champions
15022,11,4,852.39,New & Promising
15023,3,11,6701.51,Champions
15024,9,10,1636.43,Champions
15025,33,1,361.96,New & Promising
15026,80,3,464.2,Loyal Regulars
15027,30,4,1066.1499999999999,Loyal Regulars
15028,8,4,627.13,New & Promising
15030,71,2,518.28,Lost / Hibernating
15031,4,4,653.19,New & Promising
15032,256,3,4959.1,Loyal Regulars
15033,4,10,2553.88,Champions
15034,15,8,4274.16,Champions
15035,89,1,252.73000000000002,Lost / Hibernating
15036,72,3,429.56,Loyal Regulars
15038,58,6,685.74,Loyal Regulars
15039,9,47,19766.59,Champions
15041,170,1,179.93,Lost / Hibernating
15042,199,1,135.93,Lost / Hibernating
15043,31,1,537.0,New & Promising
15044,19,17,7634.7300000000005,Champions
15045,151,2,735.66,Lost / Hibernating
15046,9,15,5071.47,Champions
15047,269,1,343.62,Lost / Hibernating
15048,65,4,381.0,Loyal Regulars
15049,273,1,121.17000000000002,Lost / Hibernating
15050,25,3,1737.69,Loyal Regulars
15051,23,3,1383.3600000000001,Loyal Regulars
15052,319,1,207.73000000000002,Lost / Hibernating
15053,4,3,693.95,New & Promising
15054,12,2,302.1,New & Promising
15057,275,2,1489.5,Loyal Regulars
15058,25,11,2102.54,Champions
15059,40,9,1337.72,Loyal Regulars
15060,8,4,293.0,New & Promising
15061,3,48,54534.14,Champions
15062,71,4,987.86,Loyal Regulars
15063,213,1,370.79999999999995,Lost / Hibernating
15065,37,4,3158.13,Loyal Regulars
15066,53,1,893.59,Lost / Hibernating
15067,78,3,1744.76,Loyal Regulars
15068,46,2,553.36,New & Promising
15069,179,1,1109.53,Lost / Hibernating
15070,372,1,106.2,Lost / Hibernating
15071,93,2,982.07,Loyal Regulars
15073,9,3,1043.41,New & Promising
15074,105,1,735.67,Lost / Hibernating
15075,77,1,773.03,Lost / Hibernating
15076,172,1,880.85,Lost / Hibernating
15078,7,32,9743.11,Champions
15079,212,4,895.61,Loyal Regulars
15081,22,5,504.8,Loyal Regulars
15083,256,1,88.2,Lost / Hibernating
15087,281,1,306.94,Lost / Hibernating
15088,21,2,1160.07,New & Promising
15089,10,6,2420.84,Champions
15090,308,1,381.32,Lost / Hibernating
15091,67,1,480.71,Lost / Hibernating
15092,215,2,457.81,Lost / Hibernating
15093,18,6,4597.02,Champions
15095,103,4,1370.6,Loyal Regulars
15096,42,1,219.39000000000001,Lost / Hibernating
15097,4,1,248.08,New & Promising
15098,182,3,39916.5,Loyal Regulars
15099,84,1,410.48,Lost / Hibernating
15100,333,3,876.0,Lost / Hibernating
15101,8,2,317.53,New & Promising
15103,31,2,703.36,New & Promising
15104,196,2,993.54,Lost / Hibernating
15105,18,7,2298.93,Champions
15106,17,5,1422.52,Loyal Regulars
15107,311,6,319.5,Lost / Hibernating
15108,141,3,1159.25,Loyal Regulars
15109,245,1,484.95,Lost / Hibernating
15110,23,4,996.1,Loyal Regulars
15111,29,3,1567.48,Loyal Regulars
15113,9,3,3509.04,Loyal Regulars
15114,30,10,2760.56,Champions
15115,18,1,340.11,New & Promising
15116,17,4,1352.75,Loyal Regulars
15117,14,5,1551.78,Loyal Regulars
15118,134,1,244.8,Lost / Hibernating
15119,245,1,266.4,Lost / Hibernating
15120,133,1,358.82,Lost / Hibernating
15121,50,2,457.72,New & Promising
15122,114,3,1633.78,Loyal Regulars
15123,7,2,2199.31,New & Promising
15124,22,2,184.19,New & Promising
15125,25,15,11528.48,Champions
15127,65,1,406.53,Lost / Hibernating
15128,60,4,1471.0,Loyal Regulars
15129,50,11,3447.4,Champions
15130,169,1,330.11,Lost / Hibernating
15132,18,5,977.9300000000001,Loyal Regulars
15133,127,3,982.42,Loyal Regulars
15134,14,8,1387.99,Champions
15135,239,1,139.05,Lost / Hibernating
15136,2,4,1286.7,New & Promising
15139,239,2,178.96,Lost / Hibernating
15140,52,7,2354.25,Loyal Regulars
15142,46,1,498.74,Lost / Hibernating
15143,225,1,259.45,Lost / Hibernating
15144,8,17,6580.44,Champions
15145,4,4,1194.73,New & Promising
15146,164,2,1327.16,Loyal Regulars
15147,240,1,623.5,Lost / Hibernating
15148,10,1,301.29,New & Promising
15149,133,1,520.8000000000001,Lost / Hibernating
15150,17,10,5291.33,Champions
15152,9,13,4745.69,Champions
15153,31,1,329.25,New & Promising
15154,75,1,254.28,Lost / Hibernating
15156,1,3,961.49,New & Promising
15157,3,3,1936.07,New & Promising
15158,45,1,401.40000000000003,Lost / Hibernating
15159,1,30,18641.010000000002,Champions
15160,357,1,158.16,Lost / Hibernating
15163,18,2,304.47,New & Promising
15164,68,3,824.58,Loyal Regulars
15165,373,1,487.75,Lost / Hibernating
15167,320,1,158.8,Lost / Hibernating
15168,25,1,106.56,New & Promising
15171,331,1,1289.5,Lost / Hibernating
15172,8,5,1624.05,Champions
15174,322,1,135.75,Lost / Hibernating
15175,71,1,224.14,Lost / Hibernating
15178,260,1,40.5,Lost / Hibernating
15179,18,5,2206.95,Loyal Regulars
15180,367,1,87.5,Lost / Hibernating
15181,66,3,689.4799999999999,Loyal Regulars
15182,154,2,622.85,Lost / Hibernating
15184,29,2,402.2,New & Promising
15185,70,1,310.62,Lost / Hibernating
15186,14,2,411.41,New & Promising
15187,1,15,4762.18,Champions
15189,1,41,16225.39,Champions
15192,119,3,1044.32,Loyal Regulars
15193,60,1,499.32,Lost / Hibernating
15194,3,15,7616.53,Champions
15195,2,1,3861.0,New & Promising
15197,10,3,1079.6100000000001,New & Promising
15198,92,2,193.64,Lost / Hibernating
15199,59,4,1268.7,Loyal Regulars
15201,87,5,1236.54,Loyal Regulars
15203,25,6,1827.8,Loyal Regulars
15204,357,1,316.58,Lost / Hibernating
15205,85,2,653.24,Lost / Hibernating
15206,10,4,420.29999999999995,New & Promising
15208,1,5,870.12,New & Promising
15210,225,1,331.18,Lost / Hibernating
15211,60,2,894.4100000000001,Loyal Regulars
15212,241,1,101.8,Lost / Hibernating
15213,318,2,328.35,Lost / Hibernating
15214,1,8,1661.44,Champions
15215,46,3,734.94,Loyal Regulars
15216,87,1,96.6,Lost / Hibernating
15218,10,11,5756.89,Champions
15219,176,1,305.75,Lost / Hibernating
15220,51,6,1778.96,Loyal Regulars
15221,366,1,403.25,Lost / Hibernating
15222,318,1,585.0,Lost / Hibernating
15223,225,2,755.75,Lost / Hibernating
15224,358,2,322.08,Lost / Hibernating
15225,234,1,409.40000000000003,Lost / Hibernating
15226,310,1,154.41,Lost / Hibernating
15227,36,5,1219.4,Loyal Regulars
15228,66,4,3386.71,Loyal Regulars
15230,239,2,429.6,Lost / Hibernating
15232,113,2,612.06,Lost / Hibernating
15234,276,1,197.0,Lost / Hibernating
15235,217,12,2247.51,Loyal Regulars
15236,298,1,321.05,Lost / Hibernating
15237,1,4,1412.32,Champions
15238,29,3,1071.99,Loyal Regulars
15239,10,2,780.59,New & Promising
15240,44,5,1706.57,Loyal Regulars
15241,66,8,1756.44,Loyal Regulars
15243,74,1,316.68,Lost / Hibernating
15244,65,2,631.57,Loyal Regulars
15245,134,3,2515.84,Loyal Regulars
15246,238,2,514.15,Lost / Hibernating
15247,122,1,356.0,Lost / Hibernating
15249,31,13,6688.46,Champions
15251,9,11,10484.99,Champions
15252,36,2,740.78,New & Promising
15253,16,5,918.1999999999999,Loyal Regulars
15254,127,1,300.36,Lost / Hibernating
15255,66,1,890.85,Lost / Hibernating
15256,148,1,98.45,Lost / Hibernating
15257,283,1,317.15,Lost / Hibernating
15258,168,2,623.16,Lost / Hibernating
15260,100,7,1810.77,Loyal Regulars
15261,135,1,254.82,Lost / Hibernating
15262,323,1,178.95000000000002,Lost / Hibernating
15263,106,1,156.51,Lost / Hibernating
15264,64,1,393.74,Lost / Hibernating
15265,151,2,1506.1200000000001,Loyal Regulars
15266,338,1,119.3,Lost / Hibernating
15267,22,5,1717.36,Loyal Regulars
15269,23,1,408.8,New & Promising
15270,15,7,2379.49,Champions
15271,7,15,2493.34,Champions
15272,57,2,721.94,Loyal Regulars
15274,4,2,716.57,New & Promising
15275,37,1,615.14,New & Promising
15276,66,1,128.63,Lost / Hibernating
15277,46,1,255.89999999999998,Lost / Hibernating
15279,354,1,290.51,Lost / Hibernating
15280,172,1,113.12,Lost / Hibernating
15281,58,9,2332.15,Loyal Regulars
15286,49,1,240.55,Lost / Hibernating
15287,22,2,486.69,New & Promising
15288,43,5,2306.52,Loyal Regulars
15289,29,3,939.78,Loyal Regulars
15290,4,18,7943.22,Champions
15291,25,14,4623.3,Champions
15292,201,1,178.39,Lost / Hibernating
15296,50,6,3672.86,Loyal Regulars
15297,10,3,641.94,New & Promising
15298,2,12,4799.9,Champions
15299,67,6,3907.01,Loyal Regulars
15300,64,1,496.44,Lost / Hibernating
15301,50,12,5049.95,Champions
15303,290,1,574.02,Lost / Hibernating
15304,60,8,694.4000000000001,Loyal Regulars
15306,64,3,1174.35,Loyal Regulars
15307,95,1,205.3,Lost / Hibernating
15308,274,1,310.47,Lost / Hibernating
15311,0,91,60632.75,Champions
15312,75,4,924.85,Loyal Regulars
15313,110,1,52.0,Lost / Hibernating
15314,199,1,327.97,Lost / Hibernating
15315,64,2,570.5,Lost / Hibernating
15316,326,1,165.0,Lost / Hibernating
15318,3,1,312.62,New & Promising
15319,283,1,204.5,Lost / Hibernating
15320,44,1,267.13,Lost / Hibernating
15321,70,3,2748.31,Loyal Regulars
15322,85,1,679.68,Lost / Hibernating
15325,103,1,161.74,Lost / Hibernating
15326,333,1,311.71,Lost / Hibernating
15327,52,1,208.75,Lost / Hibernating
15329,39,3,1049.7,Loyal Regulars
15330,32,2,714.96,New & Promising
15332,366,4,1661.06,Loyal Regulars
15333,208,1,1028.56,Lost / Hibernating
15334,156,3,347.87,Lost / Hibernating
15335,53,1,170.22,Lost / Hibernating
15339,66,2,574.07,Lost / Hibernating
15341,80,1,2020.52,Loyal Regulars
15342,129,1,406.09,Lost / Hibernating
15343,87,1,364.5,Lost / Hibernating
15344,0,3,563.94,New & Promising
15345,45,1,393.54,Lost / Hibernating
15346,332,1,252.42000000000002,Lost / Hibernating
15347,366,1,201.60000000000002,Lost / Hibernating
15348,72,1,158.04,Lost / Hibernating
15349,158,2,463.90999999999997,Lost / Hibernating
15350,373,1,115.65,Lost / Hibernating
15351,12,7,1934.66,Champions
15353,254,2,770.12,Lost / Hibernating
15355,29,2,277.05,New & Promising
15356,31,10,2718.03,Champions
15358,4,22,8347.2,Champions
15360,39,1,427.93,New & Promising
15361,361,1,418.92,Lost / Hibernating
15363,372,1,326.0,Lost / Hibernating
15364,95,2,913.19,Loyal Regulars
15365,25,7,2314.32,Loyal Regulars
15366,75,2,602.51,Lost / Hibernating
15367,57,4,1877.59,Loyal Regulars
15368,21,1,446.94000000000005,New & Promising
15370,40,7,2386.05,Loyal Regulars
15372,137,1,2007.3999999999999,Loyal Regulars
15373,8,12,2415.91,Champions
15374,128,1,168.0,Lost / Hibernating
15376,40,3,1221.56,Loyal Regulars
15379,169,7,3703.29,Loyal Regulars
15380,8,5,1690.2600000000002,Champions
15381,213,2,596.85,Lost / Hibernating
15382,14,6,5955.71,Champions
15384,169,2,642.41,Lost / Hibernating
15385,40,1,316.88,Lost / Hibernating
15386,186,1,394.14,Lost / Hibernating
15388,270,1,140.54,Lost / Hibernating
15389,172,1,500.0,Lost / Hibernating
15392,4,4,1535.53,New & Promising
15393,16,2,231.86,New & Promising
15394,9,4,2183.54,Loyal Regulars
15395,325,1,107.45,Lost / Hibernating
15396,112,1,288.18,Lost / Hibernating
15397,289,1,94.0,Lost / Hibernating
15398,16,2,1345.53,New & Promising
15399,1,3,815.77,New & Promising
15400,92,5,716.2,Loyal Regulars
15402,148,2,626.35,Lost / Hibernating
15405,189,1,349.1,Lost / Hibernating
15406,31,2,510.71000000000004,New & Promising
15407,33,4,1046.74,Loyal Regulars
15408,264,1,267.18,Lost / Hibernating
15410,84,8,3450.84,Loyal Regulars
15411,26,4,1348.93,Loyal Regulars
15412,171,1,190.53,Lost / Hibernating
15414,9,3,774.9000000000001,New & Promising
15415,313,1,559.61,Lost / Hibernating
15416,64,4,3984.32,Loyal Regulars
15417,85,1,508.8,Lost / Hibernating
15419,24,1,135.86,New & Promising
15421,58,4,950.36,Loyal Regulars
15422,323,2,97.7,Lost / Hibernating
15423,38,1,43.5,Lost / Hibernating
15424,254,2,383.34,Lost / Hibernating
15426,19,5,1404.07,Loyal Regulars
15427,33,3,1430.54,Loyal Regulars
15428,15,1,93.78,New & Promising
15429,26,2,397.35,New & Promising
15432,23,1,171.19,New & Promising
15433,213,2,533.3,Lost / Hibernating
15434,8,5,1041.48,New & Promising
15435,22,1,149.29,New & Promising
15436,12,3,1067.75,New & Promising
15437,262,1,200.16,Lost / Hibernating
15438,131,1,156.57999999999998,Lost / Hibernating
15440,54,3,383.68,Loyal Regulars
15442,248,1,594.0,Lost / Hibernating
15443,1,7,3213.59,Champions
15444,9,2,1411.21,New & Promising
15445,264,1,113.5,Lost / Hibernating
15447,330,1,155.17,Lost / Hibernating
15448,312,1,494.64,Lost / Hibernating
15449,26,3,974.52,Loyal Regulars
15450,30,1,429.84,New & Promising
15452,29,3,528.48,New & Promising
15453,1,7,1371.77,Champions
15454,362,1,179.1,Lost / Hibernating
15456,283,3,434.59000000000003,Lost / Hibernating
15457,262,1,237.07,Lost / Hibernating
15458,25,1,161.64,New & Promising
15460,354,1,214.26,Lost / Hibernating
15462,94,3,234.6,Lost / Hibernating
15463,29,1,126.14,New & Promising
15464,338,1,1044.65,Lost / Hibernating
15465,19,18,7354.62,Champions
15466,85,1,334.53,Lost / Hibernating
15467,9,3,524.88,New & Promising
15468,51,2,467.51,New & Promising
15469,50,2,538.55,New & Promising
15471,2,1,454.48,New & Promising
15472,113,1,371.56,Lost / Hibernating
15473,14,7,1771.2,Champions
15475,77,1,454.10999999999996,Lost / Hibernating
15478,40,2,1399.92,Loyal Regulars
15480,116,1,905.5,Lost / Hibernating
15482,15,11,10839.76,Champions
15483,161,4,225.26,Lost / Hibernating
15484,1,4,3590.41,Champions
15485,30,3,2564.5,Loyal Regulars
15488,92,1,91.32000000000001,Lost / Hibernating
15489,22,3,1134.28,Loyal Regulars
15491,95,6,3100.09,Loyal Regulars
15492,28,2,659.4599999999999,New & Promising
15493,32,5,1953.41,Loyal Regulars
15494,21,2,1280.58,New & Promising
15497,17,2,1262.2,New & Promising
15498,2,27,13316.4,Champions
15500,8,4,1131.56,New & Promising
15502,15,10,6923.98,Champions
15503,362,1,141.04,Lost / Hibernating
15504,81,1,52.83,Lost / Hibernating
15505,52,5,3610.96,Loyal Regulars
15506,22,3,972.08,Loyal Regulars
15507,171,1,475.86,Lost / Hibernating
15508,189,6,1000.27,Loyal Regulars
15510,330,1,250.0,Lost / Hibernating
15511,11,5,900.53,Loyal Regulars
15512,155,2,121.0,Lost / Hibernating
15513,33,19,14758.220000000001,Champions
15514,12,11,4023.7200000000003,Champions
15516,44,3,62.43,Lost / Hibernating
15517,233,1,267.03,Lost / Hibernating
15518,64,8,1921.55,Loyal Regulars
15520,1,1,343.5,New & Promising
15521,40,8,3000.2,Loyal Regulars
15522,32,2,397.99,New & Promising
15523,84,1,412.01000000000005,Lost / Hibernating
15524,24,1,440.0,New & Promising
15525,2,3,731.87,New & Promising
15526,33,2,148.44,New & Promising
15527,18,8,2428.53,Champions
15528,254,1,229.33,Lost / Hibernating
15529,22,11,3960.05,Champions
15530,21,4,1497.31,Loyal Regulars
15531,8,2,1972.39,New & Promising
15532,25,4,1554.83,Loyal Regulars
15533,19,3,807.57,New & Promising
15535,173,4,502.9,Loyal Regulars
15537,163,1,110.92,Lost / Hibernating
15539,7,1,538.46,New & Promising
15540,11,1,213.3,New & Promising
15541,114,1,85.13000000000001,Lost / Hibernating
15543,288,1,127.86,Lost / Hibernating
15544,9,9,3546.71,Champions
15545,54,2,288.96999999999997,Lost / Hibernating
15547,7,14,4910.6,Champions
15549,77,3,1677.71,Loyal Regulars
15550,4,4,575.63,New & Promising
15551,36,1,436.06,New & Promising
15552,217,1,90.12,Lost / Hibernating
15553,60,1,428.93,Lost / Hibernating
15554,277,1,217.2,Lost / Hibernating
15555,12,16,4791.87,Champions
15556,24,1,279.77,New & Promising
15557,28,1,468.91,New & Promising
15561,11,4,800.59,New & Promising
15562,351,1,134.55,Lost / Hibernating
15563,22,3,1361.44,Loyal Regulars
15565,50,2,173.16,Lost / Hibernating
15567,18,1,186.01,New & Promising
15568,2,3,758.29,New & Promising
15569,103,5,1375.71,Loyal Regulars
15570,7,12,4148.82,Champions
15571,11,4,650.4300000000001,New & Promising
15572,4,7,2533.42,Champions
15573,31,2,583.24,New & Promising
15574,177,4,675.64,Loyal Regulars
15576,37,1,921.37,New & Promising
15577,151,3,258.88,Lost / Hibernating
15578,162,1,127.1,Lost / Hibernating
15579,68,2,327.6,Lost / Hibernating
15581,156,10,717.4300000000001,Loyal Regulars
15582,24,3,682.9100000000001,New & Promising
15584,23,4,720.86,Loyal Regulars
15585,176,1,455.3,Lost / Hibernating
15587,50,4,913.6800000000001,Loyal Regulars
15589,255,3,478.53000000000003,Lost / Hibernating
15592,46,1,388.58,Lost / Hibernating
15593,70,1,199.8,Lost / Hibernating
15594,15,5,1771.78,Loyal Regulars
15596,100,5,1406.59,Loyal Regulars
15597,35,1,324.57,New & Promising
15598,53,1,240.68,Lost / Hibernating
15599,26,2,761.74,New & Promising
15601,11,14,6776.56,Champions
15602,8,9,1297.8700000000001,Champions
15603,78,1,48.480000000000004,Lost / Hibernating
15604,52,1,216.39,Lost / Hibernating
15605,36,5,1198.23,Loyal Regulars
15606,61,9,2920.16,Loyal Regulars
15607,336,1,104.76,Lost / Hibernating
15608,28,4,1093.68,Loyal Regulars
15609,184,1,298.48,Lost / Hibernating
15610,51,1,112.46000000000001,Lost / Hibernating
15611,9,11,1570.45,Champions
15612,36,2,195.15,New & Promising
15615,10,23,10399.74,Champions
15618,32,4,776.85,Loyal Regulars
15619,10,1,336.40000000000003,New & Promising
15620,56,3,1553.18,Loyal Regulars
15621,4,4,1293.03,New & Promising
15622,43,9,3709.56,Champions
15623,141,1,301.03,Lost / Hibernating
15624,116,4,588.13,Loyal Regulars
15625,103,4,1534.26,Loyal Regulars
15626,74,2,675.8,Loyal Regulars
15628,4,9,2870.2400000000002,Champions
15630,45,2,1186.35,Loyal Regulars
15632,15,8,3285.31,Champions
15634,17,1,243.55,New & Promising
15636,89,2,724.76,Lost / Hibernating
15637,52,1,223.36,Lost / Hibernating
15639,134,1,425.32,Lost / Hibernating
15640,4,15,12416.11,Champions
15641,105,4,1887.2,Loyal Regulars
15643,191,3,664.0,Lost / Hibernating
15644,166,4,803.54,Loyal Regulars
15645,18,1,611.59,New & Promising
15646,157,3,447.64000000000004,Lost / Hibernating
15648,204,2,639.5,Lost / Hibernating
15649,336,2,816.0,Lost / Hibernating
15651,36,3,646.3,Loyal Regulars
15652,91,1,337.74,Lost / Hibernating
15653,92,2,877.4399999999999,Loyal Regulars
15654,9,2,922.53,New & Promising
15655,243,1,560.67,Lost / Hibernating
15656,45,4,748.5,Loyal Regulars
15657,22,1,30.0,Lost / Hibernating
15658,190,5,1024.1000000000001,Loyal Regulars
15659,43,1,306.45,Lost / Hibernating
15660,25,9,1600.86,Loyal Regulars
15661,317,2,309.8,Lost / Hibernating
15663,106,1,138.14,Lost / Hibernating
15664,50,1,386.43,Lost / Hibernating
15665,168,2,2222.21,Loyal Regulars
15667,39,1,301.32,Lost / Hibernating
15668,217,1,76.32000000000001,Lost / Hibernating
15669,40,4,684.34,Loyal Regulars
15670,296,1,173.05,Lost / Hibernating
15671,18,7,2657.13,Champions
15673,88,4,2726.23,Loyal Regulars
15674,73,4,2111.89,Loyal Regulars
15675,81,3,323.69,Lost / Hibernating
15676,18,3,3435.76,Loyal Regulars
15677,49,1,657.23,Lost / Hibernating
15678,52,1,352.7,Lost / Hibernating
15679,24,4,781.28,Loyal Regulars
15680,9,3,1333.68,New & Promising
15681,25,5,1426.16,Loyal Regulars
15683,117,1,193.75,Lost / Hibernating
15687,8,9,2993.1,Champions
15689,119,2,254.1,Lost / Hibernating
15690,4,2,239.76,New & Promising
15691,252,1,136.8,Lost / Hibernating
15692,28,1,191.04,New & Promising
15694,0,13,6464.4,Champions
15695,266,2,409.98,Lost / Hibernating
15696,33,8,2711.11,Loyal Regulars
15699,17,1,309.65,New & Promising
15700,172,2,696.68,Lost / Hibernating
15701,2,4,1529.0,Champions
15703,264,1,211.5,Lost / Hibernating
15704,140,4,2293.62,Loyal Regulars
15705,201,1,143.1,Lost / Hibernating
15706,63,4,1060.56,Loyal Regulars
15707,35,4,916.98,Loyal Regulars
15708,40,7,3235.25,Loyal Regulars
15709,283,1,133.25,Lost / Hibernating
15712,9,5,1072.3600000000001,Loyal Regulars
15713,143,2,356.7,Lost / Hibernating
15714,11,2,330.03000000000003,New & Promising
15716,145,4,1101.1100000000001,Loyal Regulars
15717,234,1,150.3,Lost / Hibernating
15719,32,13,5028.42,Champions
15720,24,1,598.73,New & Promising
15721,11,1,471.40000000000003,New & Promising
15722,35,5,2211.21,Loyal Regulars
15723,364,1,190.7,Lost / Hibernating
15724,201,2,218.25,Lost / Hibernating
15725,15,1,415.25,New & Promising
15727,16,7,5159.06,Champions
15729,212,1,85.0,Lost / Hibernating
15730,65,3,1120.88,Loyal Regulars
15732,212,2,294.12,Lost / Hibernating
15733,282,1,162.3,Lost / Hibernating
15734,114,2,1339.45,Loyal Regulars
15737,14,8,1188.1200000000001,Champions
15738,18,16,4812.42,Champions
15739,66,1,449.12,Lost / Hibernating
15740,49,1,154.88,Lost / Hibernating
15743,16,4,775.96,New & Promising
15744,77,1,34.8,Lost / Hibernating
15745,19,4,1094.59,Loyal Regulars
15746,134,1,196.88,Lost / Hibernating
15747,12,3,946.64,New & Promising
15748,40,1,144.36,Lost / Hibernating
15749,235,3,44534.3,Loyal Regulars
15750,2,8,2463.05,Champions
15752,39,7,2626.6,Loyal Regulars
15753,304,1,79.2,Lost / Hibernating
15754,51,3,458.57,Loyal Regulars
15755,10,6,2364.25,Champions
15756,61,4,528.01,Loyal Regulars
15757,65,2,714.42,Loyal Regulars
15758,24,1,205.25,New & Promising
15759,218,3,253.04,Lost / Hibernating
15762,65,2,583.75,Lost / Hibernating
15763,31,2,1086.92,Loyal Regulars
15764,88,6,3279.97,Loyal Regulars
15766,64,1,315.06,Lost / Hibernating
15768,115,3,621.8299999999999,Loyal Regulars
15769,7,26,56252.72,Champions
15773,5,1,635.6800000000001,New & Promising
15774,68,1,270.8,Lost / Hibernating
15775,245,1,104.9,Lost / Hibernating
15776,133,1,241.62,Lost / Hibernating
15777,241,4,1047.11,Loyal Regulars
15780,183,3,475.28000000000003,Lost / Hibernating
15781,25,3,345.46,New & Promising
15782,9,3,2614.7400000000002,Loyal Regulars
15783,10,1,246.3,New & Promising
15785,32,5,2328.9700000000003,Loyal Regulars
15786,46,3,4919.0,Loyal Regulars
15787,26,3,933.26,Loyal Regulars
15789,358,1,351.3,Lost / Hibernating
15790,10,1,218.75,New & Promising
15791,43,2,1612.69,Loyal Regulars
15793,14,3,965.61,New & Promising
15795,149,1,610.01,Lost / Hibernating
15796,1,8,2707.61,Champions
15797,113,3,2192.4,Loyal Regulars
15799,75,3,884.14,Loyal Regulars
15800,107,2,696.89,Lost / Hibernating
15801,46,3,1063.95,Loyal Regulars
15803,51,1,415.82000000000005,Lost / Hibernating
15804,0,13,4206.39,Champions
15805,23,17,5488.18,Champions
15806,46,3,784.58,Loyal Regulars
15807,50,3,903.9,Loyal Regulars
15808,306,4,3651.27,Loyal Regulars
15809,36,5,515.77,Loyal Regulars
15810,78,4,1391.98,Loyal Regulars
15811,22,6,2218.62,Loyal Regulars
15812,107,5,1801.14,Loyal Regulars
15813,207,2,1303.9099999999999,Loyal Regulars
15814,16,4,1945.33,Loyal Regulars
15815,63,5,2100.6,Loyal Regulars
15819,49,4,1905.45,Loyal Regulars
15820,319,1,206.98,Lost / Hibernating
15821,44,2,570.96,New & Promising
15822,3,2,885.47,New & Promising
15825,172,1,532.94,Lost / Hibernating
15826,56,3,1654.31,Loyal Regulars
15827,73,14,1836.0900000000001,Loyal Regulars
15829,99,2,636.14,Lost / Hibernating
15830,37,1,576.0,New & Promising
15831,58,3,794.64,Loyal Regulars
15832,254,1,836.79,Lost / Hibernating
15834,70,4,2222.65,Loyal Regulars
15835,44,4,954.09,Loyal Regulars
15836,50,1,137.37,Lost / Hibernating
15837,64,1,391.98,Lost / Hibernating
15838,11,19,33643.08,Champions
15839,33,3,1048.49,Loyal Regulars
15840,58,2,355.56,Lost / Hibernating
15841,72,4,1224.06,Loyal Regulars
15843,303,1,118.95000000000002,Lost / Hibernating
15844,46,1,130.73999999999998,Lost / Hibernating
15845,17,8,3711.77,Champions
15847,38,2,389.27,New & Promising
15850,19,2,234.88,New & Promising
15852,186,2,160.71,Lost / Hibernating
15853,51,1,110.8,Lost / Hibernating
15854,4,12,2969.12,Champions
15855,136,5,712.24,Loyal Regulars
15856,4,27,16142.380000000001,Champions
15857,18,1,297.0,New & Promising
15858,15,5,1427.57,Loyal Regulars
15860,40,8,965.16,Loyal Regulars
15861,12,8,3146.92,Champions
15862,8,4,832.88,New & Promising
15863,25,2,68.84,New & Promising
15864,22,6,1936.3200000000002,Loyal Regulars
15865,40,3,895.13,Loyal Regulars
15866,101,1,211.89,Lost / Hibernating
15867,5,15,3803.6,Champions
15869,277,2,149.64,Lost / Hibernating
15870,32,1,351.44,New & Promising
15872,14,2,316.25,New & Promising
15874,63,7,4405.88,Loyal Regulars
15877,1,2,490.33,New & Promising
15880,369,1,329.03000000000003,Lost / Hibernating
15881,312,5,501.39000000000004,Loyal Regulars
15882,198,4,514.08,Loyal Regulars
15883,2,2,396.48,New & Promising
15885,93,1,349.35,Lost / Hibernating
15886,60,1,181.09,Lost / Hibernating
15888,80,1,162.64,Lost / Hibernating
15889,156,2,400.77,Lost / Hibernating
15891,226,1,509.13,Lost / Hibernating
15894,253,2,257.6,Lost / Hibernating
15895,149,1,179.17,Lost / Hibernating
15897,194,2,208.59,Lost / Hibernating
15898,1,5,1383.83,Champions
15899,368,1,56.25,Lost / Hibernating
15900,23,1,337.28,New & Promising
15901,16,3,349.75,New & Promising
15903,9,7,5126.76,Champions
15904,8,1,164.68,New & Promising
15906,19,7,1567.69,Loyal Regulars
15907,3,3,881.87,New & Promising
15909,173,1,191.94,Lost / Hibernating
15910,0,8,1228.88,Champions
15912,178,2,264.62,Lost / Hibernating
15916,16,8,1502.8600000000001,Champions
15917,247,1,123.1,Lost / Hibernating
15918,190,2,334.23,Lost / Hibernating
15919,19,2,525.69,New & Promising
15920,154,3,163.55,Lost / Hibernating
15921,172,1,323.03000000000003,Lost / Hibernating
15922,373,1,369.5,Lost / Hibernating
15923,372,1,127.08,Lost / Hibernating
15925,194,1,207.15,Lost / Hibernating
15930,67,1,426.63,Lost / Hibernating
15932,4,8,2495.87,Champions
15933,21,3,1107.46,Loyal Regulars
15935,239,1,108.03999999999999,Lost / Hibernating
15937,64,1,145.35,Lost / Hibernating
15938,112,5,404.58,Loyal Regulars
15939,89,14,6100.01,Champions
15940,311,1,35.8,Lost / Hibernating
15942,133,1,337.44,Lost / Hibernating
15944,276,1,325.1,Lost / Hibernating
15945,365,1,181.0,Lost / Hibernating
15947,82,1,1708.24,Loyal Regulars
15948,8,2,955.24,New & Promising
15949,16,2,364.72,New & Promising
15950,31,4,1744.71,Loyal Regulars
15951,8,2,708.22,New & Promising
15952,33,4,781.91,Loyal Regulars
15953,15,8,1657.28,Champions
15955,24,14,4416.26,Champions
15957,31,1,428.89,New & Promising
15958,74,1,104.35,Lost / Hibernating
15963,19,2,470.76,New & Promising
15965,17,4,808.87,Loyal Regulars
15967,23,2,397.68,New & Promising
15969,2,3,666.1,New & Promising
15970,303,1,314.1,Lost / Hibernating
15971,17,12,4194.9,Champions
15973,366,1,307.82000000000005,Lost / Hibernating
15974,39,7,3442.15,Loyal Regulars
15975,84,1,371.01,Lost / Hibernating
15976,165,2,427.64,Lost / Hibernating
15977,17,2,1054.73,New & Promising
15978,77,1,1098.78,Lost / Hibernating
15980,88,3,2398.86,Loyal Regulars
15981,24,8,3408.48,Champions
15983,22,4,1465.12,Loyal Regulars
15984,2,10,2780.63,Champions
15985,123,2,1142.42,Loyal Regulars
15986,30,1,168.12,New & Promising
15987,12,7,1432.77,Champions
15988,19,1,156.78,New & Promising
15990,44,2,792.11,Loyal Regulars
15992,3,1,41.989999999999995,New & Promising
15993,8,7,2768.97,Champions
15994,54,1,414.27,Lost / Hibernating
15996,88,6,1032.58,Loyal Regulars
15998,36,5,3080.22,Loyal Regulars
16000,2,3,12393.7,Champions
16003,29,5,2735.37,Loyal Regulars
16005,12,4,578.71,New & Promising
16006,211,1,101.4,Lost / Hibernating
16007,47,4,1693.81,Loyal Regulars
16008,23,3,478.78,New & Promising
16009,22,4,972.11,Loyal Regulars
16010,245,3,392.4,Lost / Hibernating
16011,8,16,3352.96,Champions
16012,35,3,1415.29,Loyal Regulars
16013,3,47,37130.6,Champions
16014,37,3,646.83,Loyal Regulars
16015,3,3,704.26,New & Promising
16016,3,8,1465.51,Champions
16017,47,1,211.88,Lost / Hibernating
16018,39,2,408.90000000000003,New & Promising
16019,46,9,3786.2400000000002,Loyal Regulars
16020,16,3,851.01,New & Promising
16022,260,1,602.63,Lost / Hibernating
16023,46,3,719.81,Loyal Regulars
16024,12,1,245.75,New & Promising
16025,29,1,439.65999999999997,New & Promising
16026,43,1,236.09,Lost / Hibernating
16027,91,6,934.62,Loyal Regulars
16029,38,62,72708.09,Champions
16030,309,1,331.24,Lost / Hibernating
16031,92,2,547.9,Lost / Hibernating
16033,5,20,8778.82,Champions
16034,196,3,437.7,Lost / Hibernating
16036,87,2,758.92,Loyal Regulars
16037,269,3,855.02,Loyal Regulars
16038,7,3,471.78000000000003,New & Promising
16040,65,3,1313.55,Loyal Regulars
16041,30,3,3166.4,Loyal Regulars
16042,22,5,1177.47,Loyal Regulars
16043,37,4,773.99,Loyal Regulars
16045,119,4,1340.7,Loyal Regulars
16048,373,2,256.44,Lost / Hibernating
16049,40,3,1074.81,Loyal Regulars
16050,173,1,137.9,Lost / Hibernating
16052,54,1,362.06,Lost / Hibernating
16053,32,2,1511.95,Loyal Regulars
16054,145,1,783.9,Lost / Hibernating
16055,220,1,134.8,Lost / Hibernating
16056,45,1,650.75,New & Promising
16057,16,7,2263.12,Champions
16059,65,6,1453.16,Loyal Regulars
16062,9,4,1153.62,New & Promising
16063,260,1,335.32,Lost / Hibernating
16065,365,1,367.14,Lost / Hibernating
16066,16,5,1521.04,Loyal Regulars
16070,22,2,852.15,New & Promising
16071,44,1,326.24,Lost / Hibernating
16072,288,1,584.3199999999999,Lost / Hibernating
16073,297,1,122.39999999999999,Lost / Hibernating
16076,3,10,2234.73,Champions
16078,283,1,79.2,Lost / Hibernating
16079,16,3,1352.0,Loyal Regulars
16080,81,2,217.16,Lost / Hibernating
16081,56,5,2799.42,Loyal Regulars
16083,100,2,1317.62,Loyal Regulars
16084,299,1,436.18,Lost / Hibernating
16085,23,5,981.51,Loyal Regulars
16086,59,5,1121.39,Loyal Regulars
16091,154,2,315.06,Lost / Hibernating
16092,114,3,817.86,Loyal Regulars
16093,106,1,17.0,Lost / Hibernating
16094,11,4,1078.23,New & Promising
16096,264,1,320.62,Lost / Hibernating
16097,240,1,185.04999999999998,Lost / Hibernating
16098,87,7,2005.63,Loyal Regulars
16099,50,3,731.9,Loyal Regulars
16101,70,1,1290.7,Loyal Regulars
16102,42,3,1842.14,Loyal Regulars
16103,7,6,1429.64,Champions
16104,61,1,298.21,Lost / Hibernating
16105,248,1,336.96,Lost / Hibernating
16106,65,1,108.38,Lost / Hibernating
16107,17,7,3204.1600000000003,Champions
16108,84,1,842.5,Lost / Hibernating
16109,218,2,611.88,Lost / Hibernating
16110,45,3,1320.95,Loyal Regulars
16112,143,4,195.73999999999998,Lost / Hibernating
16113,183,1,161.38,Lost / Hibernating
16114,170,1,135.75000000000003,Lost / Hibernating
16115,9,8,1660.8799999999999,Champions
16116,211,1,612.78,Lost / Hibernating
16117,189,1,232.21,Lost / Hibernating
16119,8,2,423.36,New & Promising
16120,59,4,1309.14,Loyal Regulars
16121,57,2,854.66,Loyal Regulars
16122,73,4,684.4200000000001,Loyal Regulars
16123,51,1,307.78,Lost / Hibernating
16124,317,1,249.0,Lost / Hibernating
16125,367,1,289.35,Lost / Hibernating
16126,29,4,6287.77,Loyal Regulars
16127,39,1,656.25,New & Promising
16128,17,5,1880.22,Loyal Regulars
16131,51,6,3506.54,Loyal Regulars
16133,3,33,14589.04,Champions
16134,21,2,618.09,New & Promising
16135,262,1,517.55,Lost / Hibernating
16136,59,3,709.38,Loyal Regulars
16139,18,3,635.41,New & Promising
16140,65,2,725.18,Loyal Regulars
16141,88,1,620.4,Lost / Hibernating
16142,249,1,535.34,Lost / Hibernating
16143,3,6,2424.94,Champions
16144,246,1,175.2,Lost / Hibernating
16145,8,11,3799.4900000000002,Champions
16146,157,3,734.13,Loyal Regulars
16147,133,1,375.0,Lost / Hibernating
16148,296,1,76.32000000000001,Lost / Hibernating
16149,4,2,280.52,New & Promising
16150,42,5,2053.02,Loyal Regulars
16152,268,1,1829.04,Lost / Hibernating
16153,49,5,1824.23,Loyal Regulars
16156,8,9,3092.04,Champions
16157,15,3,656.69,New & Promising
16159,281,1,348.2,Lost / Hibernating
16160,65,2,1025.44,Loyal Regulars
16161,1,19,5533.67,Champions
16162,252,1,37.4,Lost / Hibernating
16163,232,2,856.6,Lost / Hibernating
16164,17,3,822.48,New & Promising
16168,10,27,3787.6,Champions
16169,8,4,1822.97,Loyal Regulars
16170,50,6,1885.05,Loyal Regulars
16171,59,1,73.2,Lost / Hibernating
16172,95,5,1140.21,Loyal Regulars
16173,15,6,1418.32,Loyal Regulars
16174,126,3,1009.5500000000001,Loyal Regulars
16175,94,4,1037.59,Loyal Regulars
16177,50,1,331.95,Lost / Hibernating
16178,138,1,197.9,Lost / Hibernating
16179,60,1,215.83,Lost / Hibernating
16180,100,8,10254.18,Loyal Regulars
16181,73,1,305.54,Lost / Hibernating
16182,72,4,6617.65,Loyal Regulars
16183,67,1,338.71000000000004,Lost / Hibernating
16184,64,6,1158.79,Loyal Regulars
16185,16,2,529.41,New & Promising
16186,22,12,4006.94,Champions
16187,31,15,6911.4400000000005,Champions
16188,44,4,981.86,Loyal Regulars
16189,15,2,215.48,New & Promising
16190,40,1,215.08,Lost / Hibernating
16191,2,13,5180.52,Champions
16193,236,1,314.45,Lost / Hibernating
16198,75,1,400.68,Lost / Hibernating
16200,4,2,1068.8700000000001,New & Promising
16201,3,4,1863.47,Champions
16202,360,1,365.27,Lost / Hibernating
16203,58,4,592.9,Loyal Regulars
16204,23,1,384.18,New & Promising
16205,30,4,751.03,Loyal Regulars
16206,54,4,537.0600000000001,Loyal Regulars
16207,25,1,394.38,New & Promising
16208,44,2,664.26,New & Promising
16209,88,5,2262.62,Loyal Regulars
16210,1,17,21076.3,Champions
16211,88,1,547.02,Lost / Hibernating
16212,19,2,690.34,New & Promising
16213,78,1,159.0,Lost / Hibernating
16214,170,3,1062.75,Loyal Regulars
16215,80,1,242.35,Lost / Hibernating
16216,267,1,914.9300000000001,Lost / Hibernating
16217,235,2,304.25,Lost / Hibernating
16218,29,7,3084.68,Loyal Regulars
16221,36,3,860.86,Loyal Regulars
16222,318,1,773.5500000000001,Lost / Hibernating
16224,57,4,1295.3,Loyal Regulars
16225,44,5,1096.32,Loyal Regulars
16226,203,3,255.12,Lost / Hibernating
16227,225,1,314.22,Lost / Hibernating
16229,87,2,1010.6,Loyal Regulars
16230,189,2,542.03,Lost / Hibernating
16232,43,4,990.88,Loyal Regulars
16233,71,3,536.6800000000001,Loyal Regulars
16235,40,4,857.31,Loyal Regulars
16236,78,1,432.2,Lost / Hibernating
16239,56,2,414.2,Lost / Hibernating
16240,24,2,3718.8,Loyal Regulars
16241,9,13,2590.31,Champions
16242,8,7,3579.86,Champions
16243,33,2,409.1,New & Promising
16244,211,2,1522.75,Loyal Regulars
16245,23,3,1413.66,Loyal Regulars
16247,170,1,114.56,Lost / Hibernating
16248,61,1,152.94,Lost / Hibernating
16249,52,5,1800.07,Loyal Regulars
16250,261,2,389.44,Lost / Hibernating
16253,66,2,3683.86,Loyal Regulars
16255,16,8,2619.91,Champions
16256,266,1,752.4300000000001,Lost / Hibernating
16257,176,1,21.95,Lost / Hibernating
16258,45,5,5203.51,Loyal Regulars
16260,50,1,1035.45,New & Promising
16261,17,4,728.54,New & Promising
16265,9,9,5347.0,Champions
16266,73,7,861.89,Loyal Regulars
16268,71,2,617.65,Lost / Hibernating
16270,353,1,1141.24,Lost / Hibernating
16271,15,4,1389.64,Loyal Regulars
16272,116,1,411.7,Lost / Hibernating
16274,373,1,331.55,Lost / Hibernating
16275,196,1,559.87,Lost / Hibernating
16276,176,1,810.6000000000001,Lost / Hibernating
16278,100,1,566.38,Lost / Hibernating
16279,21,3,1502.78,Loyal Regulars
16281,72,1,2062.06,Loyal Regulars
16282,339,1,168.3,Lost / Hibernating
16283,5,5,1569.11,Champions
16284,31,2,812.68,New & Promising
16287,169,1,142.5,Lost / Hibernating
16292,121,1,302.25,Lost / Hibernating
16293,21,10,2248.9900000000002,Champions
16295,9,4,1328.55,New & Promising
16297,268,1,301.9,Lost / Hibernating
16298,22,3,598.2,New & Promising
16302,126,1,233.22,Lost / Hibernating
16303,25,3,5360.63,Loyal Regulars
16305,138,1,361.21999999999997,Lost / Hibernating
16306,213,6,632.27,Loyal Regulars
16308,37,4,2560.0,Loyal Regulars
16309,106,2,706.57,Lost / Hibernating
16311,17,2,616.26,New & Promising
16313,3,2,274.15000000000003,New & Promising
16315,330,1,226.37,Lost / Hibernating
16316,64,8,2938.91,Loyal Regulars
16317,119,3,1341.65,Loyal Regulars
16318,35,1,328.15,New & Promising
16319,217,1,404.40000000000003,Lost / Hibernating
16320,172,2,1038.46,Loyal Regulars
16321,72,5,373.65000000000003,Loyal Regulars
16322,1,2,326.75,New & Promising
16323,196,1,207.50000000000003,Lost / Hibernating
16324,128,3,408.59000000000003,Lost / Hibernating
16325,46,3,594.24,Loyal Regulars
16326,5,14,3039.2200000000003,Champions
16327,14,6,3789.67,Champions
16330,17,3,251.91,New & Promising
16332,28,7,1582.8,Loyal Regulars
16333,7,22,26626.8,Champions
16337,36,1,151.05,Lost / Hibernating
16338,157,1,214.79999999999998,Lost / Hibernating
16339,284,1,94.05,Lost / Hibernating
16340,107,1,534.31,Lost / Hibernating
16341,24,4,1971.87,Loyal Regulars
16342,75,4,322.41,Loyal Regulars
16343,16,2,328.58,New & Promising
16344,158,1,101.10000000000001,Lost / Hibernating
16345,44,1,565.46,New & Promising
16347,11,2,847.45,New & Promising
16348,32,7,1413.31,Loyal Regulars
16349,290,1,53.5,Lost / Hibernating
16350,21,4,1116.47,Loyal Regulars
16351,332,1,153.9,Lost / Hibernating
16352,17,2,494.44,New & Promising
16353,3,23,6675.71,Champions
16354,63,2,395.8,Lost / Hibernating
16356,197,3,211.77,Lost / Hibernating
16357,33,3,658.88,Loyal Regulars
16358,1,4,2027.5,Champions
16359,7,9,1750.92,Champions
16360,4,6,3450.41,Champions
16361,9,4,891.21,New & Promising
16362,32,5,709.99,Loyal Regulars
16363,53,1,109.36000000000001,Lost / Hibernating
16364,11,2,705.79,New & Promising
16365,17,9,1540.42,Champions
16366,18,1,327.3,New & Promising
16367,37,2,800.67,New & Promising
16368,2,2,479.91,New & Promising
16369,18,3,1543.33,Loyal Regulars
16370,82,4,1301.91,Loyal Regulars
16372,33,2,355.73,New & Promising
16374,66,2,458.78000000000003,Lost / Hibernating
16376,8,2,974.96,New & Promising
16377,267,1,676.2,Lost / Hibernating
16378,247,3,362.95,Lost / Hibernating
16379,4,4,2157.4,Champions
16380,61,1,1743.1499999999999,Loyal Regulars
16383,74,2,643.76,Lost / Hibernating
16384,89,2,584.5,Lost / Hibernating
16385,60,3,554.86,Loyal Regulars
16386,28,2,302.57,New & Promising
16387,322,1,94.36,Lost / Hibernating
16389,53,4,1382.07,Loyal Regulars
16392,269,1,217.89,Lost / Hibernating
16393,2,13,3040.96,Champions
16394,56,5,1555.34,Loyal Regulars
16395,60,5,1482.06,Loyal Regulars
16398,154,2,1705.8,Loyal Regulars
16399,19,2,406.21999999999997,New & Promising
16400,94,1,303.93,Lost / Hibernating
16401,1,12,4098.32,Champions
16402,264,2,293.45,Lost / Hibernating
16403,312,1,177.5,Lost / Hibernating
16404,70,1,443.05,Lost / Hibernating
16405,302,2,167.25,Lost / Hibernating
16406,18,1,154.35,New & Promising
16407,12,10,2079.68,Champions
16409,36,5,2022.98,Loyal Regulars
16411,19,2,211.7,New & Promising
16412,53,1,135.99,Lost / Hibernating
16413,56,1,262.2,Lost / Hibernating
16414,21,2,126.25,New & Promising
16415,44,1,200.27,Lost / Hibernating
16416,26,3,1051.4,Loyal Regulars
16418,44,3,631.12,Loyal Regulars
16419,112,6,958.71,Loyal Regulars
16422,17,51,34684.4,Champions
16423,24,1,346.12,New & Promising
16424,191,1,133.56,Lost / Hibernating
16425,302,1,302.7,Lost / Hibernating
16426,2,10,1863.76,Champions
16427,263,2,241.06,Lost / Hibernating
16429,106,1,284.55,Lost / Hibernating
16430,57,1,300.85,Lost / Hibernating
16431,213,3,623.28,Lost / Hibernating
16432,64,1,287.4,Lost / Hibernating
16433,28,1,184.26,New & Promising
16434,29,7,1511.8,Loyal Regulars
16438,5,5,798.35,New & Promising
16440,7,5,3640.67,Champions
16441,67,2,381.2,Lost / Hibernating
16442,1,3,609.3,New & Promising
16444,46,4,654.67,Loyal Regulars
16445,33,1,230.51,New & Promising
16446,0,2,168472.5,Champions
16447,135,1,255.91,Lost / Hibernating
16448,198,1,182.99,Lost / Hibernating
16449,197,2,707.69,Lost / Hibernating
16450,149,1,311.92,Lost / Hibernating
16451,87,1,266.97,Lost / Hibernating
16454,64,1,5.9,Lost / Hibernating
16455,63,7,1841.18,Loyal Regulars
16456,99,5,2158.18,Loyal Regulars
16457,218,1,208.36,Lost / Hibernating
16458,2,18,3482.7400000000002,Champions
16460,28,3,811.23,Loyal Regulars
16461,177,1,142.92,Lost / Hibernating
16462,73,3,136.0,Lost / Hibernating
16463,21,4,1422.4,Loyal Regulars
16464,19,3,1298.66,Loyal Regulars
16466,33,7,1595.96,Loyal Regulars
16468,74,1,74.9,Lost / Hibernating
16469,23,4,625.42,Loyal Regulars
16470,51,4,752.77,Loyal Regulars
16471,274,1,223.95000000000002,Lost / Hibernating
16473,164,3,316.11,Lost / Hibernating
16474,7,7,1810.49,Champions
16475,88,4,544.3,Loyal Regulars
16477,63,7,2494.46,Loyal Regulars
16478,25,3,331.0,New & Promising
16479,10,2,300.83,New & Promising
16480,75,1,769.29,Lost / Hibernating
16482,15,1,220.62,New & Promising
16483,192,1,139.35,Lost / Hibernating
16484,173,2,404.3,Lost / Hibernating
16485,77,1,363.65,Lost / Hibernating
16488,33,3,498.8,New & Promising
16491,46,1,731.5,New & Promising
16493,79,4,1351.63,Loyal Regulars
16494,296,1,826.53,Lost / Hibernating
16495,3,3,648.26,New & Promising
16496,8,3,1599.52,New & Promising
16497,49,6,2965.69,Loyal Regulars
16498,161,2,100.97,Lost / Hibernating
16499,360,2,365.45,Lost / Hibernating
16500,4,6,400.86,New & Promising
16503,106,4,1431.93,Loyal Regulars
16504,25,1,465.88,New & Promising
16505,31,1,777.6,New & Promising
16506,19,2,90.30000000000001,New & Promising
16509,296,1,363.7,Lost / Hibernating
16510,372,1,248.1,Lost / Hibernating
16511,21,3,916.33,Loyal Regulars
16513,4,4,874.59,New & Promising
16515,52,5,1624.14,Loyal Regulars
16516,30,1,101.69999999999999,Lost / Hibernating
16517,277,1,162.7,Lost / Hibernating
16518,61,2,484.32,Lost / Hibernating
16519,25,2,212.98,New & Promising
16520,186,3,1046.57,Loyal Regulars
16523,1,21,9418.470000000001,Champions
16525,2,26,13027.45,Champions
16526,171,1,290.36,Lost / Hibernating
16527,81,1,228.06,Lost / Hibernating
16528,3,1,244.41,New & Promising
16529,190,1,455.25,Lost / Hibernating
16531,22,7,1244.59,Loyal Regulars
16532,17,3,6748.8,Loyal Regulars
16533,19,3,1082.81,Loyal Regulars
16535,5,1,593.75,New & Promising
16536,110,1,548.12,Lost / Hibernating
16539,2,4,1388.81,New & Promising
16542,53,1,119.62,Lost / Hibernating
16545,164,1,339.3,Lost / Hibernating
16546,290,2,787.15,Lost / Hibernating
16549,10,10,4034.9,Champions
16550,108,5,2298.97,Loyal Regulars
16551,95,3,922.12,Loyal Regulars
16552,242,2,379.73,Lost / Hibernating
16553,163,12,5719.82,Loyal Regulars
16554,42,3,837.1,Loyal Regulars
16555,35,2,285.89,New & Promising
16556,66,7,3313.79,Loyal Regulars
16557,24,2,281.85,New & Promising
16558,0,20,8338.49,Champions
16560,26,2,841.41,New & Promising
16561,5,2,511.12,New & Promising
16563,53,1,1077.74,Loyal Regulars
16565,364,1,173.7,Lost / Hibernating
16566,15,5,614.66,New & Promising
16567,194,2,865.6,Lost / Hibernating
16569,3,1,124.2,New & Promising
16570,15,10,3738.4,Champions
16571,26,3,1421.69,Loyal Regulars
16572,127,3,1009.6,Loyal Regulars
16573,84,2,663.61,Lost / Hibernating
16574,71,1,451.44,Lost / Hibernating
16581,182,1,105.84,Lost / Hibernating
16582,113,1,313.62,Lost / Hibernating
16583,373,1,233.45,Lost / Hibernating
16584,80,2,936.08,Loyal Regulars
16586,248,1,463.95,Lost / Hibernating
16587,232,1,225.15,Lost / Hibernating
16589,71,3,459.24,Loyal Regulars
16591,68,1,213.5,Lost / Hibernating
16592,4,16,4113.68,Champions
16593,50,3,330.03,New & Promising
16594,75,1,181.09,Lost / Hibernating
16595,61,1,360.16,Lost / Hibernating
16596,15,2,250.15,New & Promising
16597,4,1,90.04,New & Promising
16598,285,1,145.04999999999998,Lost / Hibernating
16600,4,6,813.52,New & Promising
16601,40,1,241.53,Lost / Hibernating
16602,36,1,528.08,New & Promising
16603,74,2,482.47,Lost / Hibernating
16607,17,14,3347.71,Champions
16609,15,7,5493.46,Champions
16610,219,1,75.66,Lost / Hibernating
16611,186,1,129.49,Lost / Hibernating
16612,32,4,1187.66,Loyal Regulars
16613,70,1,618.59,Lost / Hibernating
16614,182,1,506.19,Lost / Hibernating
16616,15,2,500.42,New & Promising
16617,235,1,151.85,Lost / Hibernating
16618,31,5,2647.59,Loyal Regulars
16619,263,1,226.21,Lost / Hibernating
16620,3,2,178.96,New & Promising
16621,51,4,813.48,Loyal Regulars
16623,245,1,129.45,Lost / Hibernating
16624,80,2,810.5699999999999,Loyal Regulars
16625,274,1,333.08,Lost / Hibernating
16626,0,17,4413.1,Champions
16627,79,1,322.8,Lost / Hibernating
16628,29,5,2188.05,Loyal Regulars
16629,73,2,408.63,Lost / Hibernating
16633,17,6,2883.1,Champions
16634,222,2,217.9,Lost / Hibernating
16637,32,4,1154.47,Loyal Regulars
16638,22,10,1680.72,Champions
16639,31,3,1257.51,Loyal Regulars
16641,105,1,231.10000000000002,Lost / Hibernating
16642,4,2,688.33,New & Promising
16643,245,1,487.51,Lost / Hibernating
16644,177,2,833.78,Lost / Hibernating
16647,169,2,214.06,Lost / Hibernating
16648,42,1,290.65999999999997,Lost / Hibernating
16650,71,1,518.42,Lost / Hibernating
16652,58,7,6773.97,Loyal Regulars
16653,16,2,1212.66,New & Promising
16654,141,4,601.27,Loyal Regulars
16655,17,6,3789.52,Champions
16656,22,15,8625.8,Champions
16657,9,4,874.43,New & Promising
16658,368,1,123.24,Lost / Hibernating
16659,189,1,39.12,Lost / Hibernating
16660,16,4,1267.6499999999999,Loyal Regulars
16665,362,1,135.39999999999998,Lost / Hibernating
16666,19,1,118.98,New & Promising
16667,68,2,567.1800000000001,Lost / Hibernating
16668,15,6,306.71999999999997,New & Promising
16669,23,2,1344.48,Loyal Regulars
16670,16,11,4095.9,Champions
16671,28,3,1692.27,Loyal Regulars
16672,2,20,8134.9400000000005,Champions
16674,54,2,304.24,Lost / Hibernating
16676,33,4,1592.1200000000001,Loyal Regulars
16678,2,12,3109.99,Champions
16679,366,1,129.75,Lost / Hibernating
16680,43,1,183.7,Lost / Hibernating
16681,72,6,1770.34,Loyal Regulars
16682,4,5,1028.0,New & Promising
16684,4,28,66653.56,Champions
16685,61,2,324.24,Lost / Hibernating
16686,47,7,2959.88,Loyal Regulars
16688,1,4,1260.86,New & Promising
16689,75,2,422.59999999999997,Lost / Hibernating
16690,72,2,225.57999999999998,Lost / Hibernating
16692,256,2,1126.0,Lost / Hibernating
16693,68,2,477.86,Lost / Hibernating
16696,135,4,657.9000000000001,Loyal Regulars
16697,241,1,112.75,Lost / Hibernating
16698,226,2,1998.0,Loyal Regulars
16700,8,13,5076.55,Champions
16701,8,13,5398.3,Champions
16705,0,20,14034.99,Champions
16706,37,3,531.35,New & Promising
16708,45,1,656.63,New & Promising
16709,84,5,3029.87,Loyal Regulars
16710,19,10,2467.99,Champions
16711,3,5,1651.03,Champions
16712,9,11,3603.66,Champions
16713,18,15,6910.78,Champions
16714,317,2,1114.06,Lost / Hibernating
16715,78,1,301.71999999999997,Lost / Hibernating
16716,266,2,901.2,Lost / Hibernating
16717,23,6,3843.08,Loyal Regulars
16718,369,1,606.0500000000001,Lost / Hibernating
16719,14,7,1770.22,Champions
16720,26,1,152.95,New & Promising
16721,262,1,292.47,Lost / Hibernating
16722,17,13,4730.81,Champions
16723,91,2,576.4,Lost / Hibernating
16725,302,6,756.82,Loyal Regulars
16726,26,5,1358.74,Loyal Regulars
16727,364,1,256.32,Lost / Hibernating
16728,46,4,1048.28,Loyal Regulars
16729,38,21,7202.01,Champions
16730,52,3,743.11,Loyal Regulars
16732,31,1,603.75,New & Promising
16734,52,3,646.76,Loyal Regulars
16735,78,5,2247.41,Loyal Regulars
16737,53,1,417.59999999999997,Lost / Hibernating
16738,297,1,3.75,Lost / Hibernating
16739,176,1,323.0,Lost / Hibernating
16743,29,7,2213.13,Loyal Regulars
16744,11,7,1291.91,Champions
16745,86,17,7180.7,Champions
16746,4,18,6680.11,Champions
16747,37,2,836.06,Loyal Regulars
16748,17,5,1515.9,Loyal Regulars
16750,44,5,623.93,Loyal Regulars
16751,30,1,1764.72,Loyal Regulars
16752,372,1,207.5,Lost / Hibernating
16753,58,1,223.92000000000002,Lost / Hibernating
16754,372,1,2002.4,Lost / Hibernating
16755,114,3,1475.43,Loyal Regulars
16756,214,1,239.4,Lost / Hibernating
16757,318,1,106.83000000000001,Lost / Hibernating
16758,65,1,369.34000000000003,Lost / Hibernating
16759,7,3,789.79,New & Promising
16761,96,1,316.62,Lost / Hibernating
16762,19,3,1207.24,Loyal Regulars
16763,198,1,611.85,Lost / Hibernating
16764,3,13,2790.9500000000003,Champions
16765,294,1,34.0,Lost / Hibernating
16766,273,2,1145.6,Lost / Hibernating
16767,30,11,5575.56,Champions
16768,47,3,478.09000000000003,Loyal Regulars
16769,260,1,361.54,Lost / Hibernating
16770,57,5,757.1,Loyal Regulars
16771,33,5,2230.61,Loyal Regulars
16773,57,1,171.59,Lost / Hibernating
16774,67,4,661.52,Loyal Regulars
16775,10,11,1691.51,Champions
16776,60,1,371.54,Lost / Hibernating
16777,80,2,222.62,Lost / Hibernating
16778,74,2,245.94,Lost / Hibernating
16779,2,22,10611.720000000001,Champions
16780,100,2,422.24,Lost / Hibernating
16781,372,1,311.25,Lost / Hibernating
16782,10,13,2267.9500000000003,Champions
16784,19,1,107.6,New & Promising
16788,123,2,592.74,Lost / Hibernating
16789,8,1,80.8,New & Promising
16790,3,6,1545.6200000000001,Champions
16791,29,7,1693.03,Loyal Regulars
16792,282,2,110.38000000000001,Lost / Hibernating
16793,57,1,243.84,Lost / Hibernating
16794,1,10,1194.48,Champions
16795,365,1,414.88,Lost / Hibernating
16796,89,1,305.62,Lost / Hibernating
16800,11,1,1162.65,New & Promising
16801,163,4,1594.23,Loyal Regulars
16803,65,1,332.3,Lost / Hibernating
16804,23,3,536.99,New & Promising
16805,173,2,460.59,Lost / Hibernating
16806,103,4,736.21,Loyal Regulars
16807,142,3,1121.59,Loyal Regulars
16808,99,2,288.42,Lost / Hibernating
16809,23,5,914.69,Loyal Regulars
16810,192,1,309.54,Lost / Hibernating
16811,4,2,547.07,New & Promising
16812,360,1,479.35,Lost / Hibernating
16813,8,10,1652.18,Champions
16814,14,21,6406.8,Champions
16816,103,4,417.06,Loyal Regulars
16817,2,9,1604.75,Champions
16818,10,11,3349.57,Champions
16820,95,1,497.61,Lost / Hibernating
16823,227,1,358.38,Lost / Hibernating
16824,15,2,460.64,New & Promising
16825,38,2,775.1800000000001,New & Promising
16826,51,1,341.7,Lost / Hibernating
16828,112,1,113.5,Lost / Hibernating
16829,156,1,197.22,Lost / Hibernating
16830,38,1,325.91,New & Promising
16832,184,3,199.15,Lost / Hibernating
16833,1,4,1106.53,New & Promising
16834,227,1,413.46,Lost / Hibernating
16835,128,2,180.85,Lost / Hibernating
16836,39,2,251.87,New & Promising
16837,31,11,3170.98,Champions
16838,197,2,588.85,Lost / Hibernating
16839,8,34,16594.35,Champions
16841,36,6,1869.82,Loyal Regulars
16842,100,3,1264.19,Loyal Regulars
16843,42,16,10196.57,Champions
16846,50,1,214.32,Lost / Hibernating
16847,43,1,193.44,Lost / Hibernating
16848,52,1,281.42,Lost / Hibernating
16849,186,1,124.57,Lost / Hibernating
16850,333,1,332.41,Lost / Hibernating
16851,4,3,342.45,New & Promising
16852,10,2,144.91000000000003,New & Promising
16855,23,2,328.4,New & Promising
16856,14,1,35.400000000000006,New & Promising
16858,368,1,375.69000000000005,Lost / Hibernating
16859,144,2,747.81,Lost / Hibernating
16861,59,2,173.76,Lost / Hibernating
16863,31,2,502.8,New & Promising
16866,140,3,207.73999999999998,Lost / Hibernating
16869,22,4,817.12,Loyal Regulars
16871,22,6,2812.34,Loyal Regulars
16872,77,3,680.02,Loyal Regulars
16873,4,6,7123.62,Champions
16875,67,5,2095.53,Loyal Regulars
16877,12,6,846.62,Loyal Regulars
16878,84,1,13.3,Lost / Hibernating
16880,30,7,1491.43,Loyal Regulars
16881,66,1,432.0,Lost / Hibernating
16882,66,3,705.12,Loyal Regulars
16883,187,2,272.48,Lost / Hibernating
16884,37,2,429.84000000000003,New & Promising
16885,15,3,450.41,New & Promising
16887,35,1,192.32999999999998,Lost / Hibernating
16889,194,3,1578.67,Loyal Regulars
16891,1,5,742.43,New & Promising
16892,1,5,518.19,New & Promising
16893,366,1,145.93,Lost / Hibernating
16895,64,1,202.27,Lost / Hibernating
16897,299,2,289.78,Lost / Hibernating
16898,26,3,501.03,New & Promising
16899,7,6,1271.06,Champions
16900,16,3,882.16,New & Promising
16902,116,1,1706.88,Loyal Regulars
16903,29,1,363.2,New & Promising
16904,4,15,3634.95,Champions
16905,5,7,3037.6,Champions
16906,81,4,559.59,Loyal Regulars
16907,29,5,928.76,Loyal Regulars
16909,72,1,379.14,Lost / Hibernating
16910,4,8,1508.96,Champions
16912,28,11,2555.58,Champions
16913,290,1,113.44,Lost / Hibernating
16914,36,1,183.76,Lost / Hibernating
16915,9,6,621.6800000000001,New & Promising
16916,23,2,562.41,New & Promising
16917,276,1,391.52,Lost / Hibernating
16918,49,6,1068.82,Loyal Regulars
16919,156,11,2592.25,Loyal Regulars
16921,61,1,154.18,Lost / Hibernating
16923,12,19,7069.08,Champions
16924,21,3,829.89,New & Promising
16926,371,1,230.25,Lost / Hibernating
16927,115,3,543.05,Loyal Regulars
16928,80,17,2806.75,Champions
16929,3,7,1295.39,Champions
16930,26,3,378.89,New & Promising
16931,5,21,4554.87,Champions
16932,53,1,150.23000000000002,Lost / Hibernating
16933,1,2,563.23,New & Promising
16934,54,2,931.03,Loyal Regulars
16936,25,1,261.9,New & Promising
16938,8,4,2711.6800000000003,Champions
16940,52,3,3049.88,Loyal Regulars
16942,12,9,1904.99,Champions
16943,211,3,816.73,Loyal Regulars
16945,21,19,4345.5,Champions
16947,235,1,406.48,Lost / Hibernating
16948,138,3,435.02,Lost / Hibernating
16949,3,6,1286.27,Champions
16950,56,3,1178.56,Loyal Regulars
16951,134,3,1277.75,Loyal Regulars
16952,109,2,167.61,Lost / Hibernating
16953,30,1,20.8,Lost / Hibernating
16954,0,9,2085.08,Champions
16955,184,4,518.67,Loyal Regulars
16956,17,1,308.74,New & Promising
16957,239,2,416.64,Lost / Hibernating
16959,87,1,117.35000000000001,Lost / Hibernating
16960,38,3,505.1,New & Promising
16961,116,1,234.17,Lost / Hibernating
16963,187,1,110.55000000000001,Lost / Hibernating
16965,226,1,192.07,Lost / Hibernating
16966,8,7,2154.97,Champions
16967,189,1,319.02,Lost / Hibernating
16968,4,2,439.43,New & Promising
16969,39,3,650.41,Loyal Regulars
16971,38,1,357.21,New & Promising
16976,267,1,251.51999999999998,Lost / Hibernating
16978,77,1,344.33,Lost / Hibernating
16979,3,6,1852.0,Champions
16980,255,2,1028.46,Lost / Hibernating
16982,60,1,384.06,Lost / Hibernating
16983,12,7,1905.87,Champions
16984,88,2,4459.52,Loyal Regulars
16985,17,10,5464.12,Champions
16986,29,2,1873.2,Loyal Regulars
16987,3,7,1616.8,Champions
16988,5,1,126.12,New & Promising
16989,7,6,1133.25,Champions
16990,218,1,179.0,Lost / Hibernating
16992,10,5,1614.31,Loyal Regulars
16996,30,6,1456.96,Loyal Regulars
16997,288,3,702.0,Lost / Hibernating
16998,149,4,295.0,Lost / Hibernating
16999,23,2,484.82,New & Promising
17001,0,11,3989.57,Champions
17002,85,3,1493.73,Loyal Regulars
17004,46,2,1312.1399999999999,Loyal Regulars
17006,4,4,781.78,New & Promising
17007,50,6,889.9300000000001,Loyal Regulars
17010,18,1,195.36,New & Promising
17011,30,1,270.9,New & Promising
17014,8,3,583.4300000000001,New & Promising
17015,28,3,1838.6100000000001,Loyal Regulars
17017,2,20,8694.26,Champions
17018,40,2,920.1,Loyal Regulars
17019,11,4,1258.08,Loyal Regulars
17022,31,1,71.0,Lost / Hibernating
17024,45,3,95.85,Lost / Hibernating
17025,60,3,357.77,Lost / Hibernating
17026,185,2,154.82999999999998,Lost / Hibernating
17027,78,6,877.5600000000001,Loyal Regulars
17029,110,2,716.0,Lost / Hibernating
17030,63,1,146.87,Lost / Hibernating
17031,11,2,380.35,New & Promising
17033,86,3,1030.14,Loyal Regulars
17034,16,3,745.52,New & Promising
17035,245,2,433.53000000000003,Lost / Hibernating
17037,87,1,1267.32,Lost / Hibernating
17038,30,1,112.4,Lost / Hibernating
17040,137,1,449.73,Lost / Hibernating
17041,26,3,1071.49,Loyal Regulars
17042,2,5,1036.58,New & Promising
17043,32,4,1735.18,Loyal Regulars
17044,25,1,948.48,New & Promising
17045,113,3,339.44,Lost / Hibernating
17046,157,1,642.02,Lost / Hibernating
17047,85,3,1100.9,Loyal Regulars
17048,117,3,925.35,Loyal Regulars
17049,2,9,5655.03,Champions
17050,96,6,3185.64,Loyal Regulars
17051,194,1,240.89000000000001,Lost / Hibernating
17052,28,1,399.09,New & Promising
17053,130,1,498.48,Lost / Hibernating
17054,28,5,1356.33,Loyal Regulars
17058,81,3,1179.89,Loyal Regulars
17059,29,5,3080.39,Loyal Regulars
17060,266,1,234.24,Lost / Hibernating
17061,73,11,5232.2300000000005,Champions
17062,313,4,528.29,Lost / Hibernating
17063,21,7,1461.14,Loyal Regulars
17064,58,3,855.45,Loyal Regulars
17068,12,21,4545.89,Champions
17069,28,9,2709.7000000000003,Champions
17070,114,1,304.24,Lost / Hibernating
17071,28,9,2429.03,Champions
17073,17,4,1444.84,Loyal Regulars
17075,17,4,834.12,Loyal Regulars
17076,36,3,841.0799999999999,Loyal Regulars
17078,36,2,375.86,New & Promising
17079,78,1,118.80000000000001,Lost / Hibernating
17080,22,2,287.62,New & Promising
17081,25,2,288.91,New & Promising
17082,33,2,2003.85,Loyal Regulars
17083,109,3,1405.78,Loyal Regulars
17084,35,2,2747.9900000000002,Loyal Regulars
17085,123,5,1562.4,Loyal Regulars
17086,7,6,2050.08,Champions
17088,28,4,1991.01,Loyal Regulars
17090,4,7,1974.65,Champions
17091,2,9,3827.76,Champions
17092,50,4,1774.03,Loyal Regulars
17094,322,1,302.0,Lost / Hibernating
17095,22,3,1324.16,Loyal Regulars
17096,15,4,1022.13,Loyal Regulars
17097,2,8,954.42,Champions
17100,18,2,971.74,New & Promising
17101,10,4,1621.73,Loyal Regulars
17102,261,1,25.5,Lost / Hibernating
17105,159,2,665.78,Lost / Hibernating
17107,33,6,10797.48,Champions
17109,29,6,881.29,Loyal Regulars
17110,165,1,163.29999999999998,Lost / Hibernating
17111,47,1,231.61,Lost / Hibernating
17114,5,8,801.12,Champions
17115,8,3,837.5,New & Promising
17117,288,1,116.19999999999999,Lost / Hibernating
17118,317,1,157.02,Lost / Hibernating
17119,3,2,606.91,New & Promising
17120,233,1,307.46,Lost / Hibernating
17122,119,1,138.32,Lost / Hibernating
17123,161,1,345.29999999999995,Lost / Hibernating
17124,185,1,294.24,Lost / Hibernating
17125,50,1,230.5,Lost / Hibernating
17126,152,5,989.45,Loyal Regulars
17128,334,1,157.09,Lost / Hibernating
17131,5,5,2463.17,Champions
17133,15,7,4892.240000000001,Champions
17134,106,2,413.2,Lost / Hibernating
17135,16,7,1139.73,Loyal Regulars
17138,275,1,380.5,Lost / Hibernating
17139,15,12,10650.77,Champions
17140,247,1,454.12,Lost / Hibernating
17142,239,1,579.0,Lost / Hibernating
17144,1,2,984.57,New & Promising
17146,105,3,749.78,Loyal Regulars
17147,22,4,1714.59,Loyal Regulars
17148,51,1,124.88,Lost / Hibernating
17152,194,3,1689.5,Loyal Regulars
17153,24,1,213.78,New & Promising
17154,75,1,329.34,Lost / Hibernating
17155,17,2,251.70000000000002,New & Promising
17157,7,2,319.0,New & Promising
17158,32,3,1266.97,Loyal Regulars
17159,21,3,1538.88,Loyal Regulars
17160,31,6,3518.03,Loyal Regulars
17162,28,10,1715.46,Champions
17163,21,2,293.1,New & Promising
17164,32,7,2467.35,Loyal Regulars
17165,284,1,158.68,Lost / Hibernating
17166,38,2,206.34,New & Promising
17169,57,2,835.78,Loyal Regulars
17171,289,1,224.91,Lost / Hibernating
17172,78,1,317.76,Lost / Hibernating
17173,5,8,3766.6,Champions
17174,217,1,59.9,Lost / Hibernating
17175,44,4,1443.69,Loyal Regulars
17176,201,1,306.13,Lost / Hibernating
17179,178,3,711.79,Loyal Regulars
17180,56,4,783.97,Loyal Regulars
17181,57,2,239.92000000000002,Lost / Hibernating
17183,7,6,3347.31,Champions
17186,46,2,144.0,Lost / Hibernating
17187,226,1,203.95,Lost / Hibernating
17188,11,7,2474.23,Champions
17189,106,2,383.75,Lost / Hibernating
17190,58,2,444.74,Lost / Hibernating
17191,28,7,2093.68,Loyal Regulars
17193,35,7,1699.3000000000002,Loyal Regulars
17194,360,1,226.78,Lost / Hibernating
17197,29,1,1013.01,New & Promising
17198,23,3,692.22,New & Promising
17201,53,1,289.78,Lost / Hibernating
17203,35,6,3560.08,Loyal Regulars
17204,175,4,1564.56,Loyal Regulars
17205,53,1,384.08,Lost / Hibernating
17206,53,1,204.24,Lost / Hibernating
17211,26,8,2317.2200000000003,Loyal Regulars
17212,253,1,226.85,Lost / Hibernating
17213,40,7,2781.23,Loyal Regulars
17214,60,6,1059.1200000000001,Loyal Regulars
17217,234,1,113.5,Lost / Hibernating
17218,4,10,1951.97,Champions
17219,31,1,114.23,Lost / Hibernating
17220,24,14,3187.55,Champions
17221,7,2,334.48,New & Promising
17222,65,1,328.65,Lost / Hibernating
17223,310,2,381.89,Lost / Hibernating
17226,308,1,393.49,Lost / Hibernating
17227,18,6,939.32,Loyal Regulars
17228,15,8,1906.09,Champions
17229,96,2,318.76,Lost / Hibernating
17230,264,8,3638.41,Loyal Regulars
17231,12,10,3124.72,Champions
17232,2,2,417.77,New & Promising
17233,35,1,190.88,Lost / Hibernating
17234,182,1,149.89000000000001,Lost / Hibernating
17235,25,2,550.06,New & Promising
17236,12,6,916.13,Loyal Regulars
17237,11,2,314.69,New & Promising
17238,2,17,3719.1,Champions
17239,312,1,382.5,Lost / Hibernating
17242,108,2,1135.04,Loyal Regulars
17243,1,26,8531.65,Champions
17244,53,1,954.9,Lost / Hibernating
17245,204,1,171.45,Lost / Hibernating
17247,15,1,280.09000000000003,New & Promising
17248,120,1,318.65,Lost / Hibernating
17250,3,2,381.97,New & Promising
17251,362,1,269.83,Lost / Hibernating
17252,116,2,348.91,Lost / Hibernating
17253,18,1,178.26,New & Promising
17254,4,2,271.19,New & Promising
17255,40,2,291.48,New & Promising
17256,107,2,240.0,Lost / Hibernating
17259,148,2,581.23,Lost / Hibernating
17262,52,5,1253.3600000000001,Loyal Regulars
17263,208,1,63.440000000000005,Lost / Hibernating
17265,138,2,550.01,Lost / Hibernating
17266,2,3,296.58,New & Promising
17267,127,2,317.2,Lost / Hibernating
17268,107,4,763.64,Loyal Regulars
17272,42,4,2148.63,Loyal Regulars
17274,35,1,107.82,Lost / Hibernating
17277,227,2,1065.3500000000001,Lost / Hibernating
17278,241,1,246.04,Lost / Hibernating
17279,57,1,187.82999999999998,Lost / Hibernating
17282,130,3,1685.46,Loyal Regulars
17284,60,6,1647.48,Loyal Regulars
17286,21,1,151.37,New & Promising
17287,26,7,1049.06,Loyal Regulars
17288,9,7,1417.63,Champions
17289,31,3,931.02,Loyal Regulars
17290,3,2,513.01,New & Promising
17291,308,1,550.8000000000001,Lost / Hibernating
17293,8,9,1854.06,Champions
17295,28,3,547.0,New & Promising
17297,17,1,128.18,New & Promising
17298,101,2,498.42,Lost / Hibernating
17299,11,4,656.61,New & Promising
17301,21,1,163.24,New & Promising
17302,14,5,1135.63,Loyal Regulars
17303,361,1,250.04,Lost / Hibernating
17306,10,19,8631.31,Champions
17309,95,1,82.75,Lost / Hibernating
17311,78,2,1384.85,Loyal Regulars
17312,138,3,644.3,Loyal Regulars
17313,31,1,2328.84,Loyal Regulars
17314,24,8,2527.92,Champions
17315,1,36,6241.15,Champions
17317,46,3,2600.34,Loyal Regulars
17320,100,3,1200.6200000000001,Loyal Regulars
17321,8,2,657.16,New & Promising
17323,15,7,903.12,Loyal Regulars
17324,17,4,986.48,Loyal Regulars
17325,280,1,96.8,Lost / Hibernating
17329,14,2,523.11,New & Promising
17330,22,2,363.9,New & Promising
17331,123,1,175.2,Lost / Hibernating
17333,85,1,494.25,Lost / Hibernating
17334,302,2,307.02,Lost / Hibernating
17337,151,4,1979.61,Loyal Regulars
17338,17,8,6484.75,Champions
17339,94,2,243.36,Lost / Hibernating
17340,29,11,12353.29,Champions
17341,156,3,682.29,Loyal Regulars
17343,355,1,193.64,Lost / Hibernating
17344,46,1,157.62,Lost / Hibernating
17345,15,4,519.6899999999999,New & Promising
17346,3,15,2622.88,Champions
17347,86,1,228.96,Lost / Hibernating
17348,14,5,1156.6,Loyal Regulars
17349,179,1,98.25,Lost / Hibernating
17350,8,4,1281.32,New & Promising
17351,36,3,587.15,Loyal Regulars
17353,129,2,1740.0,Loyal Regulars
17354,50,1,1393.06,Loyal Regulars
17356,311,1,178.22,Lost / Hibernating
17357,24,2,384.39,New & Promising
17358,303,2,360.81,Lost / Hibernating
17359,11,1,127.86,New & Promising
17360,17,3,568.24,New & Promising
17361,49,3,488.2,Loyal Regulars
17362,239,2,312.23,Lost / Hibernating
17364,0,11,4462.68,Champions
17365,12,8,4762.32,Champions
17367,238,1,167.55,Lost / Hibernating
17368,23,8,1878.87,Loyal Regulars
17370,72,4,446.18,Loyal Regulars
17371,17,3,418.4,New & Promising
17372,40,8,1337.18,Loyal Regulars
17373,40,4,646.92,Loyal Regulars
17374,218,2,495.77,Lost / Hibernating
17375,199,3,400.1,Lost / Hibernating
17376,70,2,203.2,Lost / Hibernating
17377,23,20,4058.32,Champions
17379,11,1,389.71999999999997,New & Promising
17381,8,29,20275.61,Champions
17382,65,1,65.4,Lost / Hibernating
17383,4,1,193.39000000000001,New & Promising
17384,19,2,336.4,New & Promising
17385,14,1,256.11,New & Promising
17386,7,6,2686.42,Champions
17387,19,2,746.81,New & Promising
17388,77,4,1259.56,Loyal Regulars
17389,0,34,31833.68,Champions
17391,163,2,508.8,Lost / Hibernating
17392,306,2,411.27,Lost / Hibernating
17394,219,1,203.86999999999998,Lost / Hibernating
17396,39,7,7312.8,Champions
17397,22,2,681.41,New & Promising
17398,114,3,653.38,Loyal Regulars
17400,126,5,2097.84,Loyal Regulars
17402,4,12,2598.85,Champions
17403,36,1,263.92,New & Promising
17404,4,13,31781.82,Champions
17405,1,3,1031.41,New & Promising
17406,333,3,2184.42,Loyal Regulars
17408,163,1,32.65,Lost / Hibernating
17409,184,2,771.85,Lost / Hibernating
17410,16,5,1214.72,Loyal Regulars
17411,12,3,778.94,New & Promising
17412,2,7,1258.06,Champions
17414,43,2,778.0,Loyal Regulars
17415,79,1,507.84,Lost / Hibernating
17416,29,7,6893.42,Champions
17418,42,2,463.46000000000004,New & Promising
17419,11,12,4226.57,Champions
17420,50,3,598.83,Loyal Regulars
17422,16,6,1979.37,Loyal Regulars
17423,46,2,698.41,Loyal Regulars
17425,19,2,759.17,New & Promising
17426,8,6,5037.26,Champions
17427,71,1,100.8,Lost / Hibernating
17428,0,28,17256.85,Champions
17429,128,3,524.9200000000001,Lost / Hibernating
17430,32,2,265.76,New & Promising
17431,313,1,403.3,Lost / Hibernating
17432,18,2,365.76,New & Promising
17433,88,1,303.15999999999997,Lost / Hibernating
17434,2,7,2373.82,Champions
17436,1,2,216.29999999999998,New & Promising
17438,253,1,388.45000000000005,Lost / Hibernating
17440,156,3,186.42000000000002,Lost / Hibernating
17442,36,6,2248.56,Loyal Regulars
17443,219,1,534.24,Lost / Hibernating
17444,151,2,2389.1,Loyal Regulars
17446,176,2,120.9,Lost / Hibernating
17447,40,2,541.53,New & Promising
17449,2,7,2516.21,Champions
17450,8,46,194390.79,Champions
17451,1,7,1721.4,Champions
17453,17,2,486.71999999999997,New & Promising
17454,192,4,517.53,Loyal Regulars
17455,203,1,131.7,Lost / Hibernating
17456,365,1,249.86,Lost / Hibernating
17457,126,5,1737.7,Loyal Regulars
17458,15,1,316.5,New & Promising
17459,43,2,657.3,New & Promising
17460,94,6,622.4300000000001,Loyal Regulars
17461,22,3,735.82,New & Promising
17462,60,2,675.69,Loyal Regulars
17463,16,5,1875.86,Loyal Regulars
17464,158,1,289.96000000000004,Lost / Hibernating
17466,10,2,763.28,New & Promising
17468,10,2,137.0,New & Promising
17469,16,5,1870.97,Loyal Regulars
17470,44,5,1125.07,Loyal Regulars
17472,191,3,697.54,Loyal Regulars
17475,79,1,194.37,Lost / Hibernating
17480,77,1,511.82,Lost / Hibernating
17481,3,4,1255.59,New & Promising
17483,65,3,414.04,Loyal Regulars
17486,261,1,396.87,Lost / Hibernating
17489,58,2,376.64,Lost / Hibernating
17490,0,7,2092.32,Champions
17491,1,10,3558.87,Champions
17492,248,1,374.57,Lost / Hibernating
17495,7,2,497.56,New & Promising
17496,358,1,271.05,Lost / Hibernating
17498,75,1,272.22,Lost / Hibernating
17499,289,1,622.88,Lost / Hibernating
17500,17,3,1138.0,Loyal Regulars
17501,220,2,288.6,Lost / Hibernating
17502,9,4,689.1,New & Promising
17503,2,2,558.96,New & Promising
17504,206,9,2997.0299999999997,Loyal Regulars
17505,161,2,1145.84,Loyal Regulars
17506,75,1,302.2,Lost / Hibernating
17507,261,2,605.58,Lost / Hibernating
17508,280,1,387.31,Lost / Hibernating
17509,57,8,6083.64,Loyal Regulars
17510,24,1,308.48,New & Promising
17511,2,31,91062.38,Champions
17512,28,10,2924.9900000000002,Champions
17513,72,1,513.2,Lost / Hibernating
17514,128,1,208.65,Lost / Hibernating
17515,31,4,639.02,Loyal Regulars
17516,15,5,764.88,Loyal Regulars
17517,308,1,153.94,Lost / Hibernating
17519,17,6,1844.02,Loyal Regulars
17520,53,1,546.81,Lost / Hibernating
17521,29,3,723.2099999999999,Loyal Regulars
17522,1,5,1066.15,Champions
17523,11,4,652.74,New & Promising
17524,361,1,145.0,Lost / Hibernating
17525,359,1,422.70000000000005,Lost / Hibernating
17526,4,4,1195.8999999999999,New & Promising
17527,53,4,939.37,Loyal Regulars
17528,1,8,3628.5,Champions
17530,1,10,2362.53,Champions
17531,190,1,296.7,Lost / Hibernating
17534,53,1,223.36,Lost / Hibernating
17535,280,1,164.4,Lost / Hibernating
17536,177,1,76.5,Lost / Hibernating
17537,29,2,887.67,New & Promising
17538,25,1,98.42,New & Promising
17540,24,2,578.9,New & Promising
17542,269,1,170.75,Lost / Hibernating
17545,43,3,642.32,Loyal Regulars
17548,233,1,103.3,Lost / Hibernating
17549,23,2,148.86,New & Promising
17550,197,3,267.16,Lost / Hibernating
17551,359,1,290.34,Lost / Hibernating
17552,60,4,930.41,Loyal Regulars
17553,129,1,1487.6,Lost / Hibernating
17554,1,5,1952.45,Champions
17555,19,2,480.31,New & Promising
17556,205,1,157.9,Lost / Hibernating
17557,14,3,541.46,New & Promising
17560,94,4,854.95,Loyal Regulars
17561,19,1,165.12,New & Promising
17562,14,7,1122.38,Loyal Regulars
17564,24,3,454.01,New & Promising
17566,8,2,869.77,New & Promising
17567,7,8,4331.48,Champions
17569,332,1,344.14,Lost / Hibernating
17571,50,4,1424.42,Loyal Regulars
17572,71,4,226.75000000000003,Lost / Hibernating
17573,29,3,380.6,New & Promising
17574,242,1,185.65,Lost / Hibernating
17576,8,19,3564.83,Champions
17578,218,1,143.45999999999998,Lost / Hibernating
17579,4,3,448.90000000000003,New & Promising
17580,252,3,212.77,Lost / Hibernating
17581,0,25,11025.24,Champions
17582,236,1,175.27,Lost / Hibernating
17584,7,2,1242.3,New & Promising
17585,109,4,1116.68,Loyal Regulars
17588,100,3,1240.2,Loyal Regulars
17589,60,4,2402.92,Loyal Regulars
17590,2,3,1466.77,New & Promising
17591,73,7,2203.67,Loyal Regulars
17593,3,5,3923.86,Champions
17594,85,2,993.18,Loyal Regulars
17595,12,2,386.69,New & Promising
17596,23,7,2806.69,Loyal Regulars
17597,213,1,2044.3700000000001,Lost / Hibernating
17600,17,1,161.67000000000002,New & Promising
17601,239,1,116.00999999999999,Lost / Hibernating
17602,2,6,5054.42,Champions
17603,78,1,394.72,Lost / Hibernating
17604,217,2,309.36,Lost / Hibernating
17608,33,2,191.99,New & Promising
17609,40,5,1098.28,Loyal Regulars
17611,7,15,3961.12,Champions
17612,53,6,2048.45,Loyal Regulars
17613,22,14,4544.55,Champions
17614,57,1,386.32,Lost / Hibernating
17615,130,3,329.6,Lost / Hibernating
17616,173,3,571.1999999999999,Lost / Hibernating
17618,5,3,930.28,New & Promising
17619,312,1,214.37,Lost / Hibernating
17620,59,1,81.44,Lost / Hibernating
17621,21,3,1379.9,Loyal Regulars
17623,32,1,527.0500000000001,New & Promising
17624,14,2,843.48,New & Promising
17625,18,4,2020.4,Loyal Regulars
17628,81,1,75.75,Lost / Hibernating
17629,5,8,1814.12,Champions
17630,169,2,503.59999999999997,Lost / Hibernating
17631,1,3,528.33,New & Promising
17633,31,4,1324.84,Loyal Regulars
17634,36,9,2358.59,Loyal Regulars
17636,19,1,285.56,New & Promising
17637,31,2,547.0600000000001,New & Promising
17639,276,1,108.5,Lost / Hibernating
17640,86,1,621.66,Lost / Hibernating
17642,119,2,712.29,Lost / Hibernating
17643,373,1,101.55,Lost / Hibernating
17644,1,11,2895.64,Champions
17646,219,3,1008.39,Loyal Regulars
17647,65,1,133.06,Lost / Hibernating
17648,60,4,1797.5,Loyal Regulars
17649,138,1,868.49,Lost / Hibernating
17650,21,1,166.08,New & Promising
17651,11,10,3945.0,Champions
17652,25,12,4867.72,Champions
17653,36,4,1207.56,Loyal Regulars
17654,277,1,117.55,Lost / Hibernating
17655,10,7,2638.94,Champions
17656,73,5,1674.69,Loyal Regulars
17658,25,2,595.42,New & Promising
17659,17,12,2999.46,Champions
17660,141,1,178.75,Lost / Hibernating
17663,25,7,1802.91,Loyal Regulars
17664,18,2,604.64,New & Promising
17666,3,2,728.16,New & Promising
17667,66,5,2055.51,Loyal Regulars
17668,1,2,347.75,New & Promising
17669,42,7,3406.7200000000003,Loyal Regulars
17670,227,1,205.7,Lost / Hibernating
17671,15,4,1572.71,Loyal Regulars
17672,50,2,3178.17,Loyal Regulars
17673,1,6,1594.97,Champions
17674,74,2,551.04,Lost / Hibernating
17675,1,31,20374.28,Champions
17676,4,6,1371.18,Champions
17677,1,30,16345.38,Champions
17678,263,1,298.11,Lost / Hibernating
17679,52,2,1992.1100000000001,Loyal Regulars
17680,23,1,184.4,New & Promising
17682,10,6,2474.33,Champions
17684,43,1,239.41,Lost / Hibernating
17685,16,7,3155.83,Champions
17686,7,7,5739.46,Champions
17690,30,15,4726.8,Champions
17691,358,2,290.40000000000003,Lost / Hibernating
17692,127,4,725.5799999999999,Loyal Regulars
17693,137,1,200.47,Lost / Hibernating
17694,141,1,283.12,Lost / Hibernating
17695,131,2,765.34,Lost / Hibernating
17696,38,8,2285.71,Loyal Regulars
17697,236,1,338.95,Lost / Hibernating
17698,260,1,154.95,Lost / Hibernating
17700,16,4,2534.64,Loyal Regulars
17701,252,1,417.95,Lost / Hibernating
17702,30,4,1824.37,Loyal Regulars
17703,35,3,798.74,Loyal Regulars
17704,168,2,885.19,Lost / Hibernating
17705,3,9,1823.52,Champions
17706,4,17,10504.49,Champions
17707,185,2,152.4,Lost / Hibernating
17708,187,2,263.33,Lost / Hibernating
17709,169,1,137.45,Lost / Hibernating
17711,10,2,385.1,New & Promising
17712,44,1,522.91,Lost / Hibernating
17714,320,1,153.0,Lost / Hibernating
17715,200,1,326.4,Lost / Hibernating
17716,22,11,5655.99,Champions
17718,232,1,139.35,Lost / Hibernating
17719,37,15,5396.04,Champions
17720,26,4,1195.94,Loyal Regulars
17722,96,4,2424.04,Loyal Regulars
17723,127,6,3276.4000000000005,Loyal Regulars
17724,71,3,1033.0,Loyal Regulars
17725,16,11,3439.08,Champions
17727,15,1,1060.25,New & Promising
17728,3,3,2876.01,Champions
17730,3,13,5298.4800000000005,Champions
17731,79,4,1240.11,Loyal Regulars
17732,372,1,303.97,Lost / Hibernating
17733,38,2,692.19,New & Promising
17734,53,3,700.63,Loyal Regulars
17735,2,19,13110.02,Champions
17736,9,3,377.44,New & Promising
17737,9,2,168.24,New & Promising
17738,19,4,1879.05,Loyal Regulars
17739,11,7,2791.35,Champions
17742,113,2,355.11,Lost / Hibernating
17744,3,6,2322.4,Champions
17746,240,1,110.25,Lost / Hibernating
17747,112,1,71.4,Lost / Hibernating
17749,178,2,674.52,Lost / Hibernating
17750,5,9,1694.16,Champions
17752,359,1,80.64,Lost / Hibernating
17754,0,5,1664.65,Champions
17757,1,30,5589.4400000000005,Champions
17758,19,8,3408.2000000000003,Champions
17759,17,3,818.71,New & Promising
17760,21,2,287.59,New & Promising
17761,32,1,712.78,New & Promising
17763,263,1,15.0,Lost / Hibernating
17764,50,2,772.55,Loyal Regulars
17765,158,3,367.63,Lost / Hibernating
17767,15,1,271.2,New & Promising
17768,8,3,2081.9,Loyal Regulars
17769,12,10,3957.43,Champions
17770,198,5,1143.27,Loyal Regulars
17771,56,2,245.33,Lost / Hibernating
17772,10,2,173.45,New & Promising
17774,96,4,1213.73,Loyal Regulars
17775,254,1,56.4,Lost / Hibernating
17777,24,3,647.56,New & Promising
17779,21,3,650.32,New & Promising
17781,159,2,188.02,Lost / Hibernating
17783,72,2,283.47,Lost / Hibernating
17785,53,1,131.94,Lost / Hibernating
17786,85,2,266.85,Lost / Hibernating
17787,152,4,1817.54,Loyal Regulars
17788,73,2,1112.95,Loyal Regulars
17789,281,1,225.9,Lost / Hibernating
17790,26,14,1964.3,Champions
17791,29,1,106.1,New & Promising
17793,25,1,300.34,New & Promising
17795,179,2,342.83,Lost / Hibernating
17796,40,4,690.0,Loyal Regulars
17797,22,3,780.43,New & Promising
17799,22,10,3039.17,Champions
17800,37,9,1186.21,Loyal Regulars
17802,82,3,1285.04,Loyal Regulars
17805,73,1,512.31,Lost / Hibernating
17806,11,1,546.04,New & Promising
17809,16,12,5411.91,Champions
17811,4,39,7755.12,Champions
17812,12,4,699.81,New & Promising
17813,14,5,1698.07,Loyal Regulars
17816,36,4,36.56,Lost / Hibernating
17817,4,3,387.68,New & Promising
17819,71,7,3704.87,Loyal Regulars
17824,51,1,298.4,Lost / Hibernating
17827,5,5,1987.33,Champions
17828,22,4,1165.09,Loyal Regulars
17829,298,1,889.24,Lost / Hibernating
17830,1,3,398.7,New & Promising
17831,33,1,35.400000000000006,Lost / Hibernating
17832,49,1,155.37,Lost / Hibernating
17835,2,3,342.24,New & Promising
17836,47,1,109.83,Lost / Hibernating
17837,42,8,1535.33,Loyal Regulars
17838,26,5,2720.8,Loyal Regulars
17839,42,1,318.15,Lost / Hibernating
17841,1,124,40495.99,Champions
17843,303,1,197.73,Lost / Hibernating
17844,106,1,51.559999999999995,Lost / Hibernating
17848,81,9,901.1999999999999,Loyal Regulars
17849,218,4,605.8000000000001,Loyal Regulars
17850,372,34,5391.21,Champions
17852,11,2,114.34,New & Promising
17854,185,2,311.26,Lost / Hibernating
17855,372,1,208.97,Lost / Hibernating
17856,1,4,1418.03,Champions
17857,4,22,25301.54,Champions
17858,5,12,5140.66,Champions
17859,304,1,141.92000000000002,Lost / Hibernating
17860,368,1,226.45000000000002,Lost / Hibernating
17861,3,8,2097.88,Champions
17862,323,1,330.9,Lost / Hibernating
17863,59,6,3160.0,Loyal Regulars
17864,12,3,554.85,New & Promising
17865,30,20,10524.220000000001,Champions
17866,142,1,329.65,Lost / Hibernating
17867,30,6,1157.8700000000001,Loyal Regulars
17869,107,5,428.18,Loyal Regulars
17870,2,12,1865.89,Champions
17871,204,1,155.9,Lost / Hibernating
17873,80,5,1719.5800000000002,Loyal Regulars
17874,185,6,683.46,Loyal Regulars
17877,170,1,237.61,Lost / Hibernating
17878,43,1,379.45,Lost / Hibernating
17879,173,1,178.51999999999998,Lost / Hibernating
17880,364,1,458.92,Lost / Hibernating
17881,304,1,133.35000000000002,Lost / Hibernating
17883,3,4,664.34,New & Promising
17884,3,4,695.0699999999999,New & Promising
17885,12,1,156.34,New & Promising
17886,31,3,869.28,Loyal Regulars
17887,129,1,111.35,Lost / Hibernating
17888,21,8,716.0,Loyal Regulars
17889,212,2,201.37,Lost / Hibernating
17890,322,2,586.89,Lost / Hibernating
17891,162,1,203.85999999999999,Lost / Hibernating
17892,56,3,244.1,Lost / Hibernating
17893,225,1,107.21,Lost / Hibernating
17894,71,8,1118.54,Loyal Regulars
17895,44,1,95.45,Lost / Hibernating
17896,23,1,256.32,New & Promising
17897,172,3,541.8100000000001,Lost / Hibernating
17898,85,2,152.06,Lost / Hibernating
17899,159,1,154.55,Lost / Hibernating
17900,190,2,112.19999999999999,Lost / Hibernating
17901,29,1,110.38,New & Promising
17904,21,1,181.07,New & Promising
17905,71,4,798.99,Loyal Regulars
17906,247,1,72.9,Lost / Hibernating
17908,373,1,232.03,Lost / Hibernating
17911,9,1,366.23,New & Promising
17912,310,5,310.06,Lost / Hibernating
17913,58,2,408.65,Lost / Hibernating
17914,3,1,329.36,New & Promising
17917,45,3,335.03,New & Promising
17919,88,1,1304.04,Lost / Hibernating
17920,4,17,4107.6,Champions
17921,64,4,820.23,Loyal Regulars
17923,282,1,207.50000000000003,Lost / Hibernating
17924,11,7,2962.5,Champions
17925,372,1,244.08,Lost / Hibernating
17926,133,2,397.29,Lost / Hibernating
17928,45,2,184.46,Lost / Hibernating
17929,11,4,843.0,New & Promising
17930,35,5,1740.48,Loyal Regulars
17931,134,2,408.36,Lost / Hibernating
17932,29,3,1331.57,Loyal Regulars
17934,51,2,704.25,Loyal Regulars
17935,138,2,142.89,Lost / Hibernating
17936,5,1,380.13,New & Promising
17937,8,7,4301.22,Champions
17939,159,1,99.14,Lost / Hibernating
17940,49,9,2152.1800000000003,Loyal Regulars
17941,130,1,304.56,Lost / Hibernating
17942,7,1,77.50000000000001,New & Promising
17946,233,2,149.57999999999998,Lost / Hibernating
17947,37,1,176.68,Lost / Hibernating
17948,147,1,358.56000000000006,Lost / Hibernating
17949,1,44,58030.48,Champions
17950,72,3,482.2,Loyal Regulars
17951,39,3,1008.5400000000001,Loyal Regulars
17954,5,12,2314.13,Champions
17955,198,4,557.3,Loyal Regulars
17956,249,1,12.75,Lost / Hibernating
17957,66,1,110.72,Lost / Hibernating
17958,116,1,508.4599999999999,Lost / Hibernating
17960,171,1,73.78,Lost / Hibernating
17961,21,39,1296.44,Champions
17962,142,1,102.41,Lost / Hibernating
17964,31,2,463.21,New & Promising
17965,37,14,2599.19,Champions
17966,37,5,1098.43,Loyal Regulars
17967,371,1,112.27,Lost / Hibernating
17968,373,1,265.1,Lost / Hibernating
17969,166,2,228.2,Lost / Hibernating
17970,211,1,562.79,Lost / Hibernating
17972,241,1,135.19,Lost / Hibernating
17973,51,1,337.04,Lost / Hibernating
17974,24,3,703.99,New & Promising
17975,15,13,4479.96,Champions
17976,372,1,321.79,Lost / Hibernating
17977,29,1,288.14,New & Promising
17978,365,1,300.91999999999996,Lost / Hibernating
17979,35,4,729.01,Loyal Regulars
17980,165,3,811.45,Loyal Regulars
17984,145,1,152.68,Lost / Hibernating
17985,22,1,631.35,New & Promising
17986,56,1,20.8,Lost / Hibernating
17987,185,1,198.57,Lost / Hibernating
17988,11,7,201.12,New & Promising
17990,236,3,630.84,Lost / Hibernating
17991,225,2,93.35,Lost / Hibernating
17994,121,4,674.89,Loyal Regulars
17995,281,1,76.1,Lost / Hibernating
17997,74,8,1962.46,Loyal Regulars
17999,37,2,380.39,New & Promising
18001,12,2,415.13,New & Promising
18004,362,1,157.92,Lost / Hibernating
18005,3,2,226.47,New & Promising
18006,23,1,444.68,New & Promising
18008,70,9,2116.19,Loyal Regulars
18009,235,1,247.39,Lost / Hibernating
18010,256,1,174.8,Lost / Hibernating
18011,373,1,102.78999999999999,Lost / Hibernating
18013,155,2,187.29,Lost / Hibernating
18014,28,1,154.27,New & Promising
18015,4,1,120.03,New & Promising
18016,32,5,1477.66,Loyal Regulars
18017,81,3,523.0,Loyal Regulars
18018,108,2,122.14,Lost / Hibernating
18019,51,1,38.45,Lost / Hibernating
18022,35,1,612.72,New & Promising
18024,152,2,389.78,Lost / Hibernating
18027,98,1,115.31,Lost / Hibernating
18030,4,2,230.64999999999998,New & Promising
18032,334,1,73.5,Lost / Hibernating
18033,65,1,93.82000000000001,Lost / Hibernating
18034,21,2,418.68,New & Promising
18035,35,3,713.89,Loyal Regulars
18036,32,3,403.12,New & Promising
18037,154,6,70.02,Lost / Hibernating
18040,19,2,357.20000000000005,New & Promising
18041,11,21,4097.37,Champions
18042,53,1,165.04999999999998,Lost / Hibernating
18043,24,3,529.29,New & Promising
18044,4,10,2088.6,Champions
18045,45,1,178.34,Lost / Hibernating
18048,203,2,172.29000000000002,Lost / Hibernating
18050,359,1,74.4,Lost / Hibernating
18053,70,1,300.02,Lost / Hibernating
18055,7,10,6761.34,Champions
18056,288,1,363.65,Lost / Hibernating
18058,9,1,170.16,New & Promising
18059,23,3,306.46,New & Promising
18061,21,10,2119.41,Champions
18062,173,3,720.52,Loyal Regulars
18064,133,2,814.0,Lost / Hibernating
18065,5,14,2392.83,Champions
18066,75,1,318.0,Lost / Hibernating
18067,40,1,396.33,New & Promising
18068,289,1,101.69999999999999,Lost / Hibernating
18069,26,5,2009.24,Loyal Regulars
18071,257,2,453.0,Lost / Hibernating
18072,185,1,247.44,Lost / Hibernating
18073,114,12,3859.82,Loyal Regulars
18074,373,1,489.6,Lost / Hibernating
18075,23,10,2611.75,Champions
18077,8,11,2584.41,Champions
18078,217,2,336.13,Lost / Hibernating
18079,45,4,3613.15,Loyal Regulars
18080,18,2,1231.5,New & Promising
18081,36,3,343.45,New & Promising
18082,25,1,680.84,New & Promising
18084,16,1,90.47999999999999,New & Promising
18085,330,2,689.95,Lost / Hibernating
18086,274,1,101.34,Lost / Hibernating
18087,290,1,3202.9199999999996,Loyal Regulars
18088,61,1,166.03,Lost / Hibernating
18092,2,11,9068.26,Champions
18093,93,4,2106.52,Loyal Regulars
18094,81,7,3017.3,Loyal Regulars
18095,312,2,580.0500000000001,Lost / Hibernating
18096,11,3,849.06,New & Promising
18097,7,6,2662.4,Champions
18099,127,1,168.31,Lost / Hibernating
18101,11,2,222.4,New & Promising
18102,0,60,259657.3,Champions
18104,37,1,754.64,New & Promising
18105,37,1,113.48000000000002,Lost / Hibernating
18106,329,1,421.9,Lost / Hibernating
18108,254,1,271.0,Lost / Hibernating
18109,1,26,8004.92,Champions
18110,19,1,198.8,New & Promising
18112,12,2,352.69,New & Promising
18113,368,1,76.32000000000001,Lost / Hibernating
18114,290,1,220.1,Lost / Hibernating
18116,67,8,1399.51,Loyal Regulars
18117,25,1,314.4,New & Promising
18118,10,26,5622.68,Champions
18119,367,1,180.7,Lost / Hibernating
18120,214,1,111.15,Lost / Hibernating
18121,149,2,653.3,Lost / Hibernating
18122,8,6,1791.84,Champions
18123,24,2,574.4399999999999,New & Promising
18125,29,4,1131.75,Loyal Regulars
18126,60,1,198.58,Lost / Hibernating
18127,19,3,347.08,New & Promising
18129,243,1,112.55000000000001,Lost / Hibernating
18130,15,3,1059.39,New & Promising
18133,212,1,931.4999999999999,Lost / Hibernating
18135,29,5,681.9100000000001,Loyal Regulars
18136,63,3,784.33,Loyal Regulars
18138,295,1,152.65,Lost / Hibernating
18139,17,6,8438.34,Champions
18142,157,2,1019.52,Loyal Regulars
18143,116,2,1000.16,Loyal Regulars
18144,7,12,2888.75,Champions
18145,12,4,2861.55,Loyal Regulars
18146,140,2,160.35000000000002,Lost / Hibernating
18147,45,2,179.33999999999997,Lost / Hibernating
18149,50,3,612.0799999999999,Loyal Regulars
18150,32,3,566.58,New & Promising
18151,134,2,653.35,Lost / Hibernating
18154,3,2,399.19,New & Promising
18155,75,3,371.62,Lost / Hibernating
18156,12,2,675.64,New & Promising
18158,9,2,453.4,New & Promising
18159,301,1,530.15,Lost / Hibernating
18160,57,2,638.0600000000001,Loyal Regulars
18161,15,5,1618.69,Loyal Regulars
18164,37,1,399.65000000000003,New & Promising
18165,177,1,302.46000000000004,Lost / Hibernating
18167,23,3,1384.8600000000001,Loyal Regulars
18168,176,6,1160.04,Loyal Regulars
18169,60,1,202.65,Lost / Hibernating
18170,33,3,980.31,Loyal Regulars
18171,58,5,1231.31,Loyal Regulars
18172,14,20,7561.68,Champions
18173,86,4,2106.84,Loyal Regulars
18174,7,1,104.0,New & Promising
18176,358,1,476.35,Lost / Hibernating
18177,31,6,1340.8700000000001,Loyal Regulars
18178,128,4,1590.81,Loyal Regulars
18179,9,6,1793.17,Champions
18180,4,6,1843.75,Champions
18181,24,1,366.85,New & Promising
18183,227,2,632.07,Lost / Hibernating
18184,15,1,49.8,New & Promising
18185,249,1,304.25,Lost / Hibernating
18188,15,3,2001.04,Loyal Regulars
18189,77,2,1090.24,Loyal Regulars
18190,192,2,284.46000000000004,Lost / Hibernating
18191,261,1,207.79999999999998,Lost / Hibernating
18192,71,1,957.97,Lost / Hibernating
18193,165,1,243.76,Lost / Hibernating
18194,82,1,973.8399999999999,Lost / Hibernating
18196,95,2,686.63,Lost / Hibernating
18198,4,17,5425.56,Champions
18200,106,1,150.35,Lost / Hibernating
18202,199,3,1396.99,Loyal Regulars
18203,157,1,160.42000000000002,Lost / Hibernating
18204,71,3,1975.35,Loyal Regulars
18205,36,2,517.36,New & Promising
18209,28,1,139.10000000000002,New & Promising
18210,1,6,2621.38,Champions
18211,25,5,600.07,Loyal Regulars
18212,326,1,216.07,Lost / Hibernating
18213,236,1,232.48000000000002,Lost / Hibernating
18215,89,1,299.34000000000003,Lost / Hibernating
18216,31,1,481.75,New & Promising
18217,29,2,621.75,New & Promising
18218,211,2,641.92,Lost / Hibernating
18219,2,10,2069.77,Champions
18220,226,1,305.28000000000003,Lost / Hibernating
18221,22,5,1041.61,Loyal Regulars
18222,92,1,443.0,Lost / Hibernating
18223,4,14,6484.54,Champions
18224,263,1,158.95000000000002,Lost / Hibernating
18225,3,12,5504.96,Champions
18226,44,11,5228.05,Champions
18227,217,1,93.75,Lost / Hibernating
18228,56,2,779.9,Loyal Regulars
18229,11,20,7276.900000000001,Champions
18230,9,7,2810.2000000000003,Champions
18231,192,5,2071.77,Loyal Regulars
18232,81,4,592.97,Loyal Regulars
18233,325,1,440.0,Lost / Hibernating
18235,71,3,1796.48,Loyal Regulars
18236,29,6,882.24,Loyal Regulars
18237,2,5,987.1,New & Promising
18239,218,5,1561.6100000000001,Loyal Regulars
18240,46,1,422.58,Lost / Hibernating
18241,9,17,2073.09,Champions
18242,72,4,2232.4900000000002,Loyal Regulars
18245,7,7,2567.06,Champions
18246,23,2,596.1,New & Promising
18248,122,2,804.02,Lost / Hibernating
18249,17,1,95.34,New & Promising
18250,310,1,349.27,Lost / Hibernating
18251,87,1,4314.72,Loyal Regulars
18252,50,2,518.27,New & Promising
18255,89,1,103.3,Lost / Hibernating
18257,39,8,2337.63,Loyal Regulars
18259,24,3,2338.6000000000004,Loyal Regulars
18260,172,6,2628.35,Loyal Regulars
18261,43,2,324.24,New & Promising
18262,140,1,149.48,Lost / Hibernating
18263,25,3,1213.1599999999999,Loyal Regulars
18265,72,2,801.51,Loyal Regulars
18268,134,1,25.5,Lost / Hibernating
18269,366,1,168.6,Lost / Hibernating
18270,38,2,283.15,New & Promising
18272,2,6,3078.58,Champions
18273,2,3,204.0,New & Promising
18274,30,1,175.92,New & Promising
18276,43,1,335.86,Lost / Hibernating
18277,58,1,110.38,Lost / Hibernating
18278,73,1,173.9,Lost / Hibernating
18280,277,1,180.60000000000002,Lost / Hibernating
18281,180,1,80.82,Lost / Hibernating
18282,7,2,178.05,New & Promising
18283,3,16,2039.58,Champions
18287,42,3,1837.28,Loyal Regulars
